date,value,series_name,series_id
2015-01-01,0.11,fed_funds_rate,FEDFUNDS
2015-02-01,0.11,fed_funds_rate,FEDFUNDS
2015-03-01,0.11,fed_funds_rate,FEDFUNDS
2015-04-01,0.12,fed_funds_rate,FEDFUNDS
2015-05-01,0.12,fed_funds_rate,FEDFUNDS
2015-06-01,0.13,fed_funds_rate,FEDFUNDS
2015-07-01,0.13,fed_funds_rate,FEDFUNDS
2015-08-01,0.14,fed_funds_rate,FEDFUNDS
2015-09-01,0.14,fed_funds_rate,FEDFUNDS
2015-10-01,0.12,fed_funds_rate,FEDFUNDS
2015-11-01,0.12,fed_funds_rate,FEDFUNDS
2015-12-01,0.24,fed_funds_rate,FEDFUNDS
2016-01-01,0.34,fed_funds_rate,FEDFUNDS
2016-02-01,0.38,fed_funds_rate,FEDFUNDS
2016-03-01,0.36,fed_funds_rate,FEDFUNDS
2016-04-01,0.37,fed_funds_rate,FEDFUNDS
2016-05-01,0.37,fed_funds_rate,FEDFUNDS
2016-06-01,0.38,fed_funds_rate,FEDFUNDS
2016-07-01,0.39,fed_funds_rate,FEDFUNDS
2016-08-01,0.4,fed_funds_rate,FEDFUNDS
2016-09-01,0.4,fed_funds_rate,FEDFUNDS
2016-10-01,0.4,fed_funds_rate,FEDFUNDS
2016-11-01,0.41,fed_funds_rate,FEDFUNDS
2016-12-01,0.54,fed_funds_rate,FEDFUNDS
2017-01-01,0.65,fed_funds_rate,FEDFUNDS
2017-02-01,0.66,fed_funds_rate,FEDFUNDS
2017-03-01,0.79,fed_funds_rate,FEDFUNDS
2017-04-01,0.9,fed_funds_rate,FEDFUNDS
2017-05-01,0.91,fed_funds_rate,FEDFUNDS
2017-06-01,1.04,fed_funds_rate,FEDFUNDS
2017-07-01,1.15,fed_funds_rate,FEDFUNDS
2017-08-01,1.16,fed_funds_rate,FEDFUNDS
2017-09-01,1.15,fed_funds_rate,FEDFUNDS
2017-10-01,1.15,fed_funds_rate,FEDFUNDS
2017-11-01,1.16,fed_funds_rate,FEDFUNDS
2017-12-01,1.3,fed_funds_rate,FEDFUNDS
2018-01-01,1.41,fed_funds_rate,FEDFUNDS
2018-02-01,1.42,fed_funds_rate,FEDFUNDS
2018-03-01,1.51,fed_funds_rate,FEDFUNDS
2018-04-01,1.69,fed_funds_rate,FEDFUNDS
2018-05-01,1.7,fed_funds_rate,FEDFUNDS
2018-06-01,1.82,fed_funds_rate,FEDFUNDS
2018-07-01,1.91,fed_funds_rate,FEDFUNDS
2018-08-01,1.91,fed_funds_rate,FEDFUNDS
2018-09-01,1.95,fed_funds_rate,FEDFUNDS
2018-10-01,2.19,fed_funds_rate,FEDFUNDS
2018-11-01,2.2,fed_funds_rate,FEDFUNDS
2018-12-01,2.27,fed_funds_rate,FEDFUNDS
2019-01-01,2.4,fed_funds_rate,FEDFUNDS
2019-02-01,2.4,fed_funds_rate,FEDFUNDS
2019-03-01,2.41,fed_funds_rate,FEDFUNDS
2019-04-01,2.42,fed_funds_rate,FEDFUNDS
2019-05-01,2.39,fed_funds_rate,FEDFUNDS
2019-06-01,2.38,fed_funds_rate,FEDFUNDS
2019-07-01,2.4,fed_funds_rate,FEDFUNDS
2019-08-01,2.13,fed_funds_rate,FEDFUNDS
2019-09-01,2.04,fed_funds_rate,FEDFUNDS
2019-10-01,1.83,fed_funds_rate,FEDFUNDS
2019-11-01,1.55,fed_funds_rate,FEDFUNDS
2019-12-01,1.55,fed_funds_rate,FEDFUNDS
2020-01-01,1.55,fed_funds_rate,FEDFUNDS
2020-02-01,1.58,fed_funds_rate,FEDFUNDS
2020-03-01,0.65,fed_funds_rate,FEDFUNDS
2020-04-01,0.05,fed_funds_rate,FEDFUNDS
2020-05-01,0.05,fed_funds_rate,FEDFUNDS
2020-06-01,0.08,fed_funds_rate,FEDFUNDS
2020-07-01,0.09,fed_funds_rate,FEDFUNDS
2020-08-01,0.1,fed_funds_rate,FEDFUNDS
2020-09-01,0.09,fed_funds_rate,FEDFUNDS
2020-10-01,0.09,fed_funds_rate,FEDFUNDS
2020-11-01,0.09,fed_funds_rate,FEDFUNDS
2020-12-01,0.09,fed_funds_rate,FEDFUNDS
2021-01-01,0.09,fed_funds_rate,FEDFUNDS
2021-02-01,0.08,fed_funds_rate,FEDFUNDS
2021-03-01,0.07,fed_funds_rate,FEDFUNDS
2021-04-01,0.07,fed_funds_rate,FEDFUNDS
2021-05-01,0.06,fed_funds_rate,FEDFUNDS
2021-06-01,0.08,fed_funds_rate,FEDFUNDS
2021-07-01,0.1,fed_funds_rate,FEDFUNDS
2021-08-01,0.09,fed_funds_rate,FEDFUNDS
2021-09-01,0.08,fed_funds_rate,FEDFUNDS
2021-10-01,0.08,fed_funds_rate,FEDFUNDS
2021-11-01,0.08,fed_funds_rate,FEDFUNDS
2021-12-01,0.08,fed_funds_rate,FEDFUNDS
2022-01-01,0.08,fed_funds_rate,FEDFUNDS
2022-02-01,0.08,fed_funds_rate,FEDFUNDS
2022-03-01,0.2,fed_funds_rate,FEDFUNDS
2022-04-01,0.33,fed_funds_rate,FEDFUNDS
2022-05-01,0.77,fed_funds_rate,FEDFUNDS
2022-06-01,1.21,fed_funds_rate,FEDFUNDS
2022-07-01,1.68,fed_funds_rate,FEDFUNDS
2022-08-01,2.33,fed_funds_rate,FEDFUNDS
2022-09-01,2.56,fed_funds_rate,FEDFUNDS
2022-10-01,3.08,fed_funds_rate,FEDFUNDS
2022-11-01,3.78,fed_funds_rate,FEDFUNDS
2022-12-01,4.1,fed_funds_rate,FEDFUNDS
2023-01-01,4.33,fed_funds_rate,FEDFUNDS
2023-02-01,4.57,fed_funds_rate,FEDFUNDS
2023-03-01,4.65,fed_funds_rate,FEDFUNDS
2023-04-01,4.83,fed_funds_rate,FEDFUNDS
2023-05-01,5.06,fed_funds_rate,FEDFUNDS
2023-06-01,5.08,fed_funds_rate,FEDFUNDS
2023-07-01,5.12,fed_funds_rate,FEDFUNDS
2023-08-01,5.33,fed_funds_rate,FEDFUNDS
2023-09-01,5.33,fed_funds_rate,FEDFUNDS
2023-10-01,5.33,fed_funds_rate,FEDFUNDS
2023-11-01,5.33,fed_funds_rate,FEDFUNDS
2023-12-01,5.33,fed_funds_rate,FEDFUNDS
2024-01-01,5.33,fed_funds_rate,FEDFUNDS
2024-02-01,5.33,fed_funds_rate,FEDFUNDS
2024-03-01,5.33,fed_funds_rate,FEDFUNDS
2024-04-01,5.33,fed_funds_rate,FEDFUNDS
2024-05-01,5.33,fed_funds_rate,FEDFUNDS
2024-06-01,5.33,fed_funds_rate,FEDFUNDS
2024-07-01,5.33,fed_funds_rate,FEDFUNDS
2024-08-01,5.33,fed_funds_rate,FEDFUNDS
2024-09-01,5.13,fed_funds_rate,FEDFUNDS
2024-10-01,4.83,fed_funds_rate,FEDFUNDS
2024-11-01,4.64,fed_funds_rate,FEDFUNDS
2024-12-01,4.48,fed_funds_rate,FEDFUNDS
2025-01-01,4.33,fed_funds_rate,FEDFUNDS
2025-02-01,4.33,fed_funds_rate,FEDFUNDS
2025-03-01,4.33,fed_funds_rate,FEDFUNDS
2025-04-01,4.33,fed_funds_rate,FEDFUNDS
2025-05-01,4.33,fed_funds_rate,FEDFUNDS
2025-06-01,4.33,fed_funds_rate,FEDFUNDS
2025-07-01,4.33,fed_funds_rate,FEDFUNDS
2025-08-01,4.33,fed_funds_rate,FEDFUNDS
2025-09-01,4.22,fed_funds_rate,FEDFUNDS
2025-10-01,4.09,fed_funds_rate,FEDFUNDS
2025-11-01,3.88,fed_funds_rate,FEDFUNDS
2025-12-01,3.72,fed_funds_rate,FEDFUNDS
2026-01-01,3.64,fed_funds_rate,FEDFUNDS
2026-02-01,3.64,fed_funds_rate,FEDFUNDS
2026-03-01,3.64,fed_funds_rate,FEDFUNDS
2026-04-01,3.64,fed_funds_rate,FEDFUNDS
2026-05-01,3.63,fed_funds_rate,FEDFUNDS
2015-01-01,234.747,cpi,CPIAUCSL
2015-02-01,235.342,cpi,CPIAUCSL
2015-03-01,235.976,cpi,CPIAUCSL
2015-04-01,236.222,cpi,CPIAUCSL
2015-05-01,237.001,cpi,CPIAUCSL
2015-06-01,237.657,cpi,CPIAUCSL
2015-07-01,238.034,cpi,CPIAUCSL
2015-08-01,238.033,cpi,CPIAUCSL
2015-09-01,237.498,cpi,CPIAUCSL
2015-10-01,237.733,cpi,CPIAUCSL
2015-11-01,238.017,cpi,CPIAUCSL
2015-12-01,237.761,cpi,CPIAUCSL
2016-01-01,237.652,cpi,CPIAUCSL
2016-02-01,237.336,cpi,CPIAUCSL
2016-03-01,238.08,cpi,CPIAUCSL
2016-04-01,238.992,cpi,CPIAUCSL
2016-05-01,239.557,cpi,CPIAUCSL
2016-06-01,240.222,cpi,CPIAUCSL
2016-07-01,240.101,cpi,CPIAUCSL
2016-08-01,240.545,cpi,CPIAUCSL
2016-09-01,241.176,cpi,CPIAUCSL
2016-10-01,241.741,cpi,CPIAUCSL
2016-11-01,242.026,cpi,CPIAUCSL
2016-12-01,242.637,cpi,CPIAUCSL
2017-01-01,243.618,cpi,CPIAUCSL
2017-02-01,244.006,cpi,CPIAUCSL
2017-03-01,243.892,cpi,CPIAUCSL
2017-04-01,244.193,cpi,CPIAUCSL
2017-05-01,244.004,cpi,CPIAUCSL
2017-06-01,244.163,cpi,CPIAUCSL
2017-07-01,244.243,cpi,CPIAUCSL
2017-08-01,245.183,cpi,CPIAUCSL
2017-09-01,246.435,cpi,CPIAUCSL
2017-10-01,246.626,cpi,CPIAUCSL
2017-11-01,247.284,cpi,CPIAUCSL
2017-12-01,247.805,cpi,CPIAUCSL
2018-01-01,248.859,cpi,CPIAUCSL
2018-02-01,249.529,cpi,CPIAUCSL
2018-03-01,249.577,cpi,CPIAUCSL
2018-04-01,250.227,cpi,CPIAUCSL
2018-05-01,250.792,cpi,CPIAUCSL
2018-06-01,251.018,cpi,CPIAUCSL
2018-07-01,251.214,cpi,CPIAUCSL
2018-08-01,251.663,cpi,CPIAUCSL
2018-09-01,252.182,cpi,CPIAUCSL
2018-10-01,252.772,cpi,CPIAUCSL
2018-11-01,252.594,cpi,CPIAUCSL
2018-12-01,252.767,cpi,CPIAUCSL
2019-01-01,252.561,cpi,CPIAUCSL
2019-02-01,253.319,cpi,CPIAUCSL
2019-03-01,254.277,cpi,CPIAUCSL
2019-04-01,255.233,cpi,CPIAUCSL
2019-05-01,255.296,cpi,CPIAUCSL
2019-06-01,255.213,cpi,CPIAUCSL
2019-07-01,255.802,cpi,CPIAUCSL
2019-08-01,256.036,cpi,CPIAUCSL
2019-09-01,256.43,cpi,CPIAUCSL
2019-10-01,257.155,cpi,CPIAUCSL
2019-11-01,257.879,cpi,CPIAUCSL
2019-12-01,258.63,cpi,CPIAUCSL
2020-01-01,259.127,cpi,CPIAUCSL
2020-02-01,259.25,cpi,CPIAUCSL
2020-03-01,258.076,cpi,CPIAUCSL
2020-04-01,256.032,cpi,CPIAUCSL
2020-05-01,255.802,cpi,CPIAUCSL
2020-06-01,257.042,cpi,CPIAUCSL
2020-07-01,258.352,cpi,CPIAUCSL
2020-08-01,259.316,cpi,CPIAUCSL
2020-09-01,259.997,cpi,CPIAUCSL
2020-10-01,260.319,cpi,CPIAUCSL
2020-11-01,260.911,cpi,CPIAUCSL
2020-12-01,262.045,cpi,CPIAUCSL
2021-01-01,262.687,cpi,CPIAUCSL
2021-02-01,263.579,cpi,CPIAUCSL
2021-03-01,264.961,cpi,CPIAUCSL
2021-04-01,266.614,cpi,CPIAUCSL
2021-05-01,268.383,cpi,CPIAUCSL
2021-06-01,270.654,cpi,CPIAUCSL
2021-07-01,271.903,cpi,CPIAUCSL
2021-08-01,272.676,cpi,CPIAUCSL
2021-09-01,273.91,cpi,CPIAUCSL
2021-10-01,276.55,cpi,CPIAUCSL
2021-11-01,278.919,cpi,CPIAUCSL
2021-12-01,280.845,cpi,CPIAUCSL
2022-01-01,282.543,cpi,CPIAUCSL
2022-02-01,284.5,cpi,CPIAUCSL
2022-03-01,287.674,cpi,CPIAUCSL
2022-04-01,288.561,cpi,CPIAUCSL
2022-05-01,291.298,cpi,CPIAUCSL
2022-06-01,294.957,cpi,CPIAUCSL
2022-07-01,294.913,cpi,CPIAUCSL
2022-08-01,295.097,cpi,CPIAUCSL
2022-09-01,296.349,cpi,CPIAUCSL
2022-10-01,298.007,cpi,CPIAUCSL
2022-11-01,298.786,cpi,CPIAUCSL
2022-12-01,298.832,cpi,CPIAUCSL
2023-01-01,300.42,cpi,CPIAUCSL
2023-02-01,301.45,cpi,CPIAUCSL
2023-03-01,301.821,cpi,CPIAUCSL
2023-04-01,302.845,cpi,CPIAUCSL
2023-05-01,303.334,cpi,CPIAUCSL
2023-06-01,304.014,cpi,CPIAUCSL
2023-07-01,304.609,cpi,CPIAUCSL
2023-08-01,306.082,cpi,CPIAUCSL
2023-09-01,307.276,cpi,CPIAUCSL
2023-10-01,307.696,cpi,CPIAUCSL
2023-11-01,308.148,cpi,CPIAUCSL
2023-12-01,308.741,cpi,CPIAUCSL
2024-01-01,309.698,cpi,CPIAUCSL
2024-02-01,310.967,cpi,CPIAUCSL
2024-03-01,312.345,cpi,CPIAUCSL
2024-04-01,313.023,cpi,CPIAUCSL
2024-05-01,313.175,cpi,CPIAUCSL
2024-06-01,313.044,cpi,CPIAUCSL
2024-07-01,313.569,cpi,CPIAUCSL
2024-08-01,314.062,cpi,CPIAUCSL
2024-09-01,314.732,cpi,CPIAUCSL
2024-10-01,315.631,cpi,CPIAUCSL
2024-11-01,316.528,cpi,CPIAUCSL
2024-12-01,317.604,cpi,CPIAUCSL
2025-01-01,318.961,cpi,CPIAUCSL
2025-02-01,319.679,cpi,CPIAUCSL
2025-03-01,319.785,cpi,CPIAUCSL
2025-04-01,320.302,cpi,CPIAUCSL
2025-05-01,320.62,cpi,CPIAUCSL
2025-06-01,321.435,cpi,CPIAUCSL
2025-07-01,322.169,cpi,CPIAUCSL
2025-08-01,323.291,cpi,CPIAUCSL
2025-09-01,324.245,cpi,CPIAUCSL
2025-10-01,,cpi,CPIAUCSL
2025-11-01,325.063,cpi,CPIAUCSL
2025-12-01,326.031,cpi,CPIAUCSL
2026-01-01,326.588,cpi,CPIAUCSL
2026-02-01,327.46,cpi,CPIAUCSL
2026-03-01,330.293,cpi,CPIAUCSL
2026-04-01,332.407,cpi,CPIAUCSL
2026-05-01,333.979,cpi,CPIAUCSL
2015-01-01,239.811,core_cpi,CPILFESL
2015-02-01,240.172,core_cpi,CPILFESL
2015-03-01,240.755,core_cpi,CPILFESL
2015-04-01,241.346,core_cpi,CPILFESL
2015-05-01,241.688,core_cpi,CPILFESL
2015-06-01,242.064,core_cpi,CPILFESL
2015-07-01,242.565,core_cpi,CPILFESL
2015-08-01,242.817,core_cpi,CPILFESL
2015-09-01,243.316,core_cpi,CPILFESL
2015-10-01,243.768,core_cpi,CPILFESL
2015-11-01,244.241,core_cpi,CPILFESL
2015-12-01,244.547,core_cpi,CPILFESL
2016-01-01,244.955,core_cpi,CPILFESL
2016-02-01,245.51,core_cpi,CPILFESL
2016-03-01,245.913,core_cpi,CPILFESL
2016-04-01,246.551,core_cpi,CPILFESL
2016-05-01,247.137,core_cpi,CPILFESL
2016-06-01,247.54,core_cpi,CPILFESL
2016-07-01,247.829,core_cpi,CPILFESL
2016-08-01,248.423,core_cpi,CPILFESL
2016-09-01,248.842,core_cpi,CPILFESL
2016-10-01,249.142,core_cpi,CPILFESL
2016-11-01,249.481,core_cpi,CPILFESL
2016-12-01,249.92,core_cpi,CPILFESL
2017-01-01,250.467,core_cpi,CPILFESL
2017-02-01,250.998,core_cpi,CPILFESL
2017-03-01,250.944,core_cpi,CPILFESL
2017-04-01,251.227,core_cpi,CPILFESL
2017-05-01,251.43,core_cpi,CPILFESL
2017-06-01,251.746,core_cpi,CPILFESL
2017-07-01,251.985,core_cpi,CPILFESL
2017-08-01,252.535,core_cpi,CPILFESL
2017-09-01,252.812,core_cpi,CPILFESL
2017-10-01,253.526,core_cpi,CPILFESL
2017-11-01,253.816,core_cpi,CPILFESL
2017-12-01,254.344,core_cpi,CPILFESL
2018-01-01,255.204,core_cpi,CPILFESL
2018-02-01,255.711,core_cpi,CPILFESL
2018-03-01,256.271,core_cpi,CPILFESL
2018-04-01,256.63,core_cpi,CPILFESL
2018-05-01,257.145,core_cpi,CPILFESL
2018-06-01,257.399,core_cpi,CPILFESL
2018-07-01,257.699,core_cpi,CPILFESL
2018-08-01,257.891,core_cpi,CPILFESL
2018-09-01,258.368,core_cpi,CPILFESL
2018-10-01,258.917,core_cpi,CPILFESL
2018-11-01,259.439,core_cpi,CPILFESL
2018-12-01,260.063,core_cpi,CPILFESL
2019-01-01,260.766,core_cpi,CPILFESL
2019-02-01,261.186,core_cpi,CPILFESL
2019-03-01,261.567,core_cpi,CPILFESL
2019-04-01,261.997,core_cpi,CPILFESL
2019-05-01,262.217,core_cpi,CPILFESL
2019-06-01,262.739,core_cpi,CPILFESL
2019-07-01,263.28,core_cpi,CPILFESL
2019-08-01,263.877,core_cpi,CPILFESL
2019-09-01,264.388,core_cpi,CPILFESL
2019-10-01,264.97,core_cpi,CPILFESL
2019-11-01,265.548,core_cpi,CPILFESL
2019-12-01,266.02,core_cpi,CPILFESL
2020-01-01,266.716,core_cpi,CPILFESL
2020-02-01,267.37,core_cpi,CPILFESL
2020-03-01,267.054,core_cpi,CPILFESL
2020-04-01,265.746,core_cpi,CPILFESL
2020-05-01,265.412,core_cpi,CPILFESL
2020-06-01,265.849,core_cpi,CPILFESL
2020-07-01,267.389,core_cpi,CPILFESL
2020-08-01,268.422,core_cpi,CPILFESL
2020-09-01,268.933,core_cpi,CPILFESL
2020-10-01,269.306,core_cpi,CPILFESL
2020-11-01,269.981,core_cpi,CPILFESL
2020-12-01,270.341,core_cpi,CPILFESL
2021-01-01,270.387,core_cpi,CPILFESL
2021-02-01,270.793,core_cpi,CPILFESL
2021-03-01,271.459,core_cpi,CPILFESL
2021-04-01,273.66,core_cpi,CPILFESL
2021-05-01,275.465,core_cpi,CPILFESL
2021-06-01,277.651,core_cpi,CPILFESL
2021-07-01,278.648,core_cpi,CPILFESL
2021-08-01,278.997,core_cpi,CPILFESL
2021-09-01,279.698,core_cpi,CPILFESL
2021-10-01,281.668,core_cpi,CPILFESL
2021-11-01,283.406,core_cpi,CPILFESL
2021-12-01,285.18,core_cpi,CPILFESL
2022-01-01,286.757,core_cpi,CPILFESL
2022-02-01,288.273,core_cpi,CPILFESL
2022-03-01,289.056,core_cpi,CPILFESL
2022-04-01,290.514,core_cpi,CPILFESL
2022-05-01,292.063,core_cpi,CPILFESL
2022-06-01,294.05,core_cpi,CPILFESL
2022-07-01,295.088,core_cpi,CPILFESL
2022-08-01,296.535,core_cpi,CPILFESL
2022-09-01,298.226,core_cpi,CPILFESL
2022-10-01,299.399,core_cpi,CPILFESL
2022-11-01,300.325,core_cpi,CPILFESL
2022-12-01,301.394,core_cpi,CPILFESL
2023-01-01,302.642,core_cpi,CPILFESL
2023-02-01,304.123,core_cpi,CPILFESL
2023-03-01,305.147,core_cpi,CPILFESL
2023-04-01,306.534,core_cpi,CPILFESL
2023-05-01,307.652,core_cpi,CPILFESL
2023-06-01,308.322,core_cpi,CPILFESL
2023-07-01,308.96,core_cpi,CPILFESL
2023-08-01,309.58,core_cpi,CPILFESL
2023-09-01,310.539,core_cpi,CPILFESL
2023-10-01,311.457,core_cpi,CPILFESL
2023-11-01,312.392,core_cpi,CPILFESL
2023-12-01,313.195,core_cpi,CPILFESL
2024-01-01,314.319,core_cpi,CPILFESL
2024-02-01,315.564,core_cpi,CPILFESL
2024-03-01,316.792,core_cpi,CPILFESL
2024-04-01,317.649,core_cpi,CPILFESL
2024-05-01,318.095,core_cpi,CPILFESL
2024-06-01,318.39,core_cpi,CPILFESL
2024-07-01,318.94,core_cpi,CPILFESL
2024-08-01,319.75,core_cpi,CPILFESL
2024-09-01,320.732,core_cpi,CPILFESL
2024-10-01,321.731,core_cpi,CPILFESL
2024-11-01,322.657,core_cpi,CPILFESL
2024-12-01,323.259,core_cpi,CPILFESL
2025-01-01,324.638,core_cpi,CPILFESL
2025-02-01,325.465,core_cpi,CPILFESL
2025-03-01,325.69,core_cpi,CPILFESL
2025-04-01,326.467,core_cpi,CPILFESL
2025-05-01,326.893,core_cpi,CPILFESL
2025-06-01,327.658,core_cpi,CPILFESL
2025-07-01,328.682,core_cpi,CPILFESL
2025-08-01,329.7,core_cpi,CPILFESL
2025-09-01,330.418,core_cpi,CPILFESL
2025-10-01,,core_cpi,CPILFESL
2025-11-01,331.043,core_cpi,CPILFESL
2025-12-01,331.814,core_cpi,CPILFESL
2026-01-01,332.793,core_cpi,CPILFESL
2026-02-01,333.512,core_cpi,CPILFESL
2026-03-01,334.165,core_cpi,CPILFESL
2026-04-01,335.423,core_cpi,CPILFESL
2026-05-01,336.121,core_cpi,CPILFESL
2015-01-01,5.7,unemployment_rate,UNRATE
2015-02-01,5.5,unemployment_rate,UNRATE
2015-03-01,5.4,unemployment_rate,UNRATE
2015-04-01,5.4,unemployment_rate,UNRATE
2015-05-01,5.6,unemployment_rate,UNRATE
2015-06-01,5.3,unemployment_rate,UNRATE
2015-07-01,5.2,unemployment_rate,UNRATE
2015-08-01,5.1,unemployment_rate,UNRATE
2015-09-01,5.0,unemployment_rate,UNRATE
2015-10-01,5.0,unemployment_rate,UNRATE
2015-11-01,5.1,unemployment_rate,UNRATE
2015-12-01,5.0,unemployment_rate,UNRATE
2016-01-01,4.8,unemployment_rate,UNRATE
2016-02-01,4.9,unemployment_rate,UNRATE
2016-03-01,5.0,unemployment_rate,UNRATE
2016-04-01,5.1,unemployment_rate,UNRATE
2016-05-01,4.8,unemployment_rate,UNRATE
2016-06-01,4.9,unemployment_rate,UNRATE
2016-07-01,4.8,unemployment_rate,UNRATE
2016-08-01,4.9,unemployment_rate,UNRATE
2016-09-01,5.0,unemployment_rate,UNRATE
2016-10-01,4.9,unemployment_rate,UNRATE
2016-11-01,4.7,unemployment_rate,UNRATE
2016-12-01,4.7,unemployment_rate,UNRATE
2017-01-01,4.7,unemployment_rate,UNRATE
2017-02-01,4.6,unemployment_rate,UNRATE
2017-03-01,4.4,unemployment_rate,UNRATE
2017-04-01,4.4,unemployment_rate,UNRATE
2017-05-01,4.4,unemployment_rate,UNRATE
2017-06-01,4.3,unemployment_rate,UNRATE
2017-07-01,4.3,unemployment_rate,UNRATE
2017-08-01,4.4,unemployment_rate,UNRATE
2017-09-01,4.3,unemployment_rate,UNRATE
2017-10-01,4.2,unemployment_rate,UNRATE
2017-11-01,4.2,unemployment_rate,UNRATE
2017-12-01,4.1,unemployment_rate,UNRATE
2018-01-01,4.0,unemployment_rate,UNRATE
2018-02-01,4.1,unemployment_rate,UNRATE
2018-03-01,4.0,unemployment_rate,UNRATE
2018-04-01,4.0,unemployment_rate,UNRATE
2018-05-01,3.8,unemployment_rate,UNRATE
2018-06-01,4.0,unemployment_rate,UNRATE
2018-07-01,3.8,unemployment_rate,UNRATE
2018-08-01,3.8,unemployment_rate,UNRATE
2018-09-01,3.7,unemployment_rate,UNRATE
2018-10-01,3.8,unemployment_rate,UNRATE
2018-11-01,3.8,unemployment_rate,UNRATE
2018-12-01,3.9,unemployment_rate,UNRATE
2019-01-01,4.0,unemployment_rate,UNRATE
2019-02-01,3.8,unemployment_rate,UNRATE
2019-03-01,3.8,unemployment_rate,UNRATE
2019-04-01,3.7,unemployment_rate,UNRATE
2019-05-01,3.6,unemployment_rate,UNRATE
2019-06-01,3.6,unemployment_rate,UNRATE
2019-07-01,3.7,unemployment_rate,UNRATE
2019-08-01,3.6,unemployment_rate,UNRATE
2019-09-01,3.5,unemployment_rate,UNRATE
2019-10-01,3.6,unemployment_rate,UNRATE
2019-11-01,3.6,unemployment_rate,UNRATE
2019-12-01,3.6,unemployment_rate,UNRATE
2020-01-01,3.6,unemployment_rate,UNRATE
2020-02-01,3.5,unemployment_rate,UNRATE
2020-03-01,4.4,unemployment_rate,UNRATE
2020-04-01,14.8,unemployment_rate,UNRATE
2020-05-01,13.2,unemployment_rate,UNRATE
2020-06-01,11.0,unemployment_rate,UNRATE
2020-07-01,10.2,unemployment_rate,UNRATE
2020-08-01,8.4,unemployment_rate,UNRATE
2020-09-01,7.8,unemployment_rate,UNRATE
2020-10-01,6.9,unemployment_rate,UNRATE
2020-11-01,6.7,unemployment_rate,UNRATE
2020-12-01,6.7,unemployment_rate,UNRATE
2021-01-01,6.4,unemployment_rate,UNRATE
2021-02-01,6.2,unemployment_rate,UNRATE
2021-03-01,6.1,unemployment_rate,UNRATE
2021-04-01,6.1,unemployment_rate,UNRATE
2021-05-01,5.8,unemployment_rate,UNRATE
2021-06-01,5.9,unemployment_rate,UNRATE
2021-07-01,5.4,unemployment_rate,UNRATE
2021-08-01,5.1,unemployment_rate,UNRATE
2021-09-01,4.7,unemployment_rate,UNRATE
2021-10-01,4.5,unemployment_rate,UNRATE
2021-11-01,4.1,unemployment_rate,UNRATE
2021-12-01,3.9,unemployment_rate,UNRATE
2022-01-01,4.0,unemployment_rate,UNRATE
2022-02-01,3.9,unemployment_rate,UNRATE
2022-03-01,3.7,unemployment_rate,UNRATE
2022-04-01,3.7,unemployment_rate,UNRATE
2022-05-01,3.6,unemployment_rate,UNRATE
2022-06-01,3.6,unemployment_rate,UNRATE
2022-07-01,3.5,unemployment_rate,UNRATE
2022-08-01,3.6,unemployment_rate,UNRATE
2022-09-01,3.5,unemployment_rate,UNRATE
2022-10-01,3.6,unemployment_rate,UNRATE
2022-11-01,3.6,unemployment_rate,UNRATE
2022-12-01,3.5,unemployment_rate,UNRATE
2023-01-01,3.5,unemployment_rate,UNRATE
2023-02-01,3.6,unemployment_rate,UNRATE
2023-03-01,3.5,unemployment_rate,UNRATE
2023-04-01,3.4,unemployment_rate,UNRATE
2023-05-01,3.6,unemployment_rate,UNRATE
2023-06-01,3.6,unemployment_rate,UNRATE
2023-07-01,3.5,unemployment_rate,UNRATE
2023-08-01,3.7,unemployment_rate,UNRATE
2023-09-01,3.7,unemployment_rate,UNRATE
2023-10-01,3.9,unemployment_rate,UNRATE
2023-11-01,3.7,unemployment_rate,UNRATE
2023-12-01,3.8,unemployment_rate,UNRATE
2024-01-01,3.7,unemployment_rate,UNRATE
2024-02-01,3.9,unemployment_rate,UNRATE
2024-03-01,3.9,unemployment_rate,UNRATE
2024-04-01,3.9,unemployment_rate,UNRATE
2024-05-01,3.9,unemployment_rate,UNRATE
2024-06-01,4.1,unemployment_rate,UNRATE
2024-07-01,4.2,unemployment_rate,UNRATE
2024-08-01,4.2,unemployment_rate,UNRATE
2024-09-01,4.1,unemployment_rate,UNRATE
2024-10-01,4.1,unemployment_rate,UNRATE
2024-11-01,4.2,unemployment_rate,UNRATE
2024-12-01,4.1,unemployment_rate,UNRATE
2025-01-01,4.0,unemployment_rate,UNRATE
2025-02-01,4.2,unemployment_rate,UNRATE
2025-03-01,4.2,unemployment_rate,UNRATE
2025-04-01,4.2,unemployment_rate,UNRATE
2025-05-01,4.3,unemployment_rate,UNRATE
2025-06-01,4.1,unemployment_rate,UNRATE
2025-07-01,4.3,unemployment_rate,UNRATE
2025-08-01,4.3,unemployment_rate,UNRATE
2025-09-01,4.4,unemployment_rate,UNRATE
2025-10-01,,unemployment_rate,UNRATE
2025-11-01,4.5,unemployment_rate,UNRATE
2025-12-01,4.4,unemployment_rate,UNRATE
2026-01-01,4.3,unemployment_rate,UNRATE
2026-02-01,4.4,unemployment_rate,UNRATE
2026-03-01,4.3,unemployment_rate,UNRATE
2026-04-01,4.3,unemployment_rate,UNRATE
2026-05-01,4.3,unemployment_rate,UNRATE
2015-01-01,18666.621,real_gdp,GDPC1
2015-04-01,18782.243,real_gdp,GDPC1
2015-07-01,18857.418,real_gdp,GDPC1
2015-10-01,18892.206,real_gdp,GDPC1
2016-01-01,19001.69,real_gdp,GDPC1
2016-04-01,19062.709,real_gdp,GDPC1
2016-07-01,19197.938,real_gdp,GDPC1
2016-10-01,19304.352,real_gdp,GDPC1
2017-01-01,19398.343,real_gdp,GDPC1
2017-04-01,19506.949,real_gdp,GDPC1
2017-07-01,19660.766,real_gdp,GDPC1
2017-10-01,19882.352,real_gdp,GDPC1
2018-01-01,20044.077,real_gdp,GDPC1
2018-04-01,20150.476,real_gdp,GDPC1
2018-07-01,20276.154,real_gdp,GDPC1
2018-10-01,20304.874,real_gdp,GDPC1
2019-01-01,20431.641,real_gdp,GDPC1
2019-04-01,20602.275,real_gdp,GDPC1
2019-07-01,20843.322,real_gdp,GDPC1
2019-10-01,20985.448,real_gdp,GDPC1
2020-01-01,20709.212,real_gdp,GDPC1
2020-04-01,19077.992,real_gdp,GDPC1
2020-07-01,20558.879,real_gdp,GDPC1
2020-10-01,20791.917,real_gdp,GDPC1
2021-01-01,21082.134,real_gdp,GDPC1
2021-04-01,21440.929,real_gdp,GDPC1
2021-07-01,21617.828,real_gdp,GDPC1
2021-10-01,21988.737,real_gdp,GDPC1
2022-01-01,21932.71,real_gdp,GDPC1
2022-04-01,21967.045,real_gdp,GDPC1
2022-07-01,22125.625,real_gdp,GDPC1
2022-10-01,22278.345,real_gdp,GDPC1
2023-01-01,22439.607,real_gdp,GDPC1
2023-04-01,22580.499,real_gdp,GDPC1
2023-07-01,22840.989,real_gdp,GDPC1
2023-10-01,23033.78,real_gdp,GDPC1
2024-01-01,23082.119,real_gdp,GDPC1
2024-04-01,23286.508,real_gdp,GDPC1
2024-07-01,23478.57,real_gdp,GDPC1
2024-10-01,23586.542,real_gdp,GDPC1
2025-01-01,23548.21,real_gdp,GDPC1
2025-04-01,23770.976,real_gdp,GDPC1
2025-07-01,24026.834,real_gdp,GDPC1
2025-10-01,24055.749,real_gdp,GDPC1
2026-01-01,24152.656,real_gdp,GDPC1
2015-01-01,102.8905,industrial_production,INDPRO
2015-02-01,102.2335,industrial_production,INDPRO
2015-03-01,101.8914,industrial_production,INDPRO
2015-04-01,101.3355,industrial_production,INDPRO
2015-05-01,100.8883,industrial_production,INDPRO
2015-06-01,100.571,industrial_production,INDPRO
2015-07-01,101.2228,industrial_production,INDPRO
2015-08-01,101.0367,industrial_production,INDPRO
2015-09-01,100.7547,industrial_production,INDPRO
2015-10-01,100.2675,industrial_production,INDPRO
2015-11-01,99.5298,industrial_production,INDPRO
2015-12-01,99.0417,industrial_production,INDPRO
2016-01-01,99.5607,industrial_production,INDPRO
2016-02-01,99.0445,industrial_production,INDPRO
2016-03-01,98.3096,industrial_production,INDPRO
2016-04-01,98.6421,industrial_production,INDPRO
2016-05-01,98.4184,industrial_production,INDPRO
2016-06-01,98.8833,industrial_production,INDPRO
2016-07-01,98.9992,industrial_production,INDPRO
2016-08-01,98.85,industrial_production,INDPRO
2016-09-01,98.7457,industrial_production,INDPRO
2016-10-01,98.7611,industrial_production,INDPRO
2016-11-01,98.3491,industrial_production,INDPRO
2016-12-01,99.0214,industrial_production,INDPRO
2017-01-01,98.7611,industrial_production,INDPRO
2017-02-01,98.3646,industrial_production,INDPRO
2017-03-01,99.0137,industrial_production,INDPRO
2017-04-01,100.0224,industrial_production,INDPRO
2017-05-01,100.1408,industrial_production,INDPRO
2017-06-01,100.3471,industrial_production,INDPRO
2017-07-01,100.1068,industrial_production,INDPRO
2017-08-01,99.6925,industrial_production,INDPRO
2017-09-01,99.7954,industrial_production,INDPRO
2017-10-01,101.0247,industrial_production,INDPRO
2017-11-01,101.2664,industrial_production,INDPRO
2017-12-01,101.4644,industrial_production,INDPRO
2018-01-01,101.4625,industrial_production,INDPRO
2018-02-01,101.7085,industrial_production,INDPRO
2018-03-01,102.2067,industrial_production,INDPRO
2018-04-01,103.3329,industrial_production,INDPRO
2018-05-01,102.4024,industrial_production,INDPRO
2018-06-01,103.198,industrial_production,INDPRO
2018-07-01,103.3646,industrial_production,INDPRO
2018-08-01,104.0327,industrial_production,INDPRO
2018-09-01,104.1004,industrial_production,INDPRO
2018-10-01,103.9856,industrial_production,INDPRO
2018-11-01,104.0681,industrial_production,INDPRO
2018-12-01,104.0936,industrial_production,INDPRO
2019-01-01,103.4021,industrial_production,INDPRO
2019-02-01,102.8371,industrial_production,INDPRO
2019-03-01,102.8757,industrial_production,INDPRO
2019-04-01,102.274,industrial_production,INDPRO
2019-05-01,102.392,industrial_production,INDPRO
2019-06-01,102.4375,industrial_production,INDPRO
2019-07-01,101.9408,industrial_production,INDPRO
2019-08-01,102.639,industrial_production,INDPRO
2019-09-01,102.2917,industrial_production,INDPRO
2019-10-01,101.4281,industrial_production,INDPRO
2019-11-01,101.9372,industrial_production,INDPRO
2019-12-01,101.7003,industrial_production,INDPRO
2020-01-01,101.0338,industrial_production,INDPRO
2020-02-01,101.3735,industrial_production,INDPRO
2020-03-01,97.4078,industrial_production,INDPRO
2020-04-01,84.5619,industrial_production,INDPRO
2020-05-01,85.9604,industrial_production,INDPRO
2020-06-01,91.5934,industrial_production,INDPRO
2020-07-01,95.0256,industrial_production,INDPRO
2020-08-01,95.9549,industrial_production,INDPRO
2020-09-01,95.9669,industrial_production,INDPRO
2020-10-01,96.7394,industrial_production,INDPRO
2020-11-01,97.0816,industrial_production,INDPRO
2020-12-01,98.363,industrial_production,INDPRO
2021-01-01,98.8822,industrial_production,INDPRO
2021-02-01,95.6149,industrial_production,INDPRO
2021-03-01,98.3856,industrial_production,INDPRO
2021-04-01,98.5587,industrial_production,INDPRO
2021-05-01,99.4333,industrial_production,INDPRO
2021-06-01,99.7987,industrial_production,INDPRO
2021-07-01,100.2519,industrial_production,INDPRO
2021-08-01,100.0437,industrial_production,INDPRO
2021-09-01,98.8579,industrial_production,INDPRO
2021-10-01,100.1861,industrial_production,INDPRO
2021-11-01,100.8654,industrial_production,INDPRO
2021-12-01,100.5726,industrial_production,INDPRO
2022-01-01,100.1856,industrial_production,INDPRO
2022-02-01,100.8064,industrial_production,INDPRO
2022-03-01,101.3907,industrial_production,INDPRO
2022-04-01,101.44,industrial_production,INDPRO
2022-05-01,101.3335,industrial_production,INDPRO
2022-06-01,101.018,industrial_production,INDPRO
2022-07-01,101.223,industrial_production,INDPRO
2022-08-01,101.0963,industrial_production,INDPRO
2022-09-01,101.2918,industrial_production,INDPRO
2022-10-01,101.2529,industrial_production,INDPRO
2022-11-01,100.9552,industrial_production,INDPRO
2022-12-01,99.7664,industrial_production,INDPRO
2023-01-01,100.505,industrial_production,INDPRO
2023-02-01,100.6416,industrial_production,INDPRO
2023-03-01,101.0205,industrial_production,INDPRO
2023-04-01,101.253,industrial_production,INDPRO
2023-05-01,100.9286,industrial_production,INDPRO
2023-06-01,100.1196,industrial_production,INDPRO
2023-07-01,100.9067,industrial_production,INDPRO
2023-08-01,100.8393,industrial_production,INDPRO
2023-09-01,101.0211,industrial_production,INDPRO
2023-10-01,100.4689,industrial_production,INDPRO
2023-11-01,100.8639,industrial_production,INDPRO
2023-12-01,100.6031,industrial_production,INDPRO
2024-01-01,99.2223,industrial_production,INDPRO
2024-02-01,100.285,industrial_production,INDPRO
2024-03-01,100.4575,industrial_production,INDPRO
2024-04-01,100.2434,industrial_production,INDPRO
2024-05-01,100.863,industrial_production,INDPRO
2024-06-01,100.894,industrial_production,INDPRO
2024-07-01,99.9757,industrial_production,INDPRO
2024-08-01,100.4309,industrial_production,INDPRO
2024-09-01,99.8084,industrial_production,INDPRO
2024-10-01,99.4695,industrial_production,INDPRO
2024-11-01,99.2925,industrial_production,INDPRO
2024-12-01,100.3273,industrial_production,INDPRO
2025-01-01,100.0647,industrial_production,INDPRO
2025-02-01,101.0993,industrial_production,INDPRO
2025-03-01,101.0404,industrial_production,INDPRO
2025-04-01,101.1279,industrial_production,INDPRO
2025-05-01,100.9655,industrial_production,INDPRO
2025-06-01,101.4785,industrial_production,INDPRO
2025-07-01,101.894,industrial_production,INDPRO
2025-08-01,101.6247,industrial_production,INDPRO
2025-09-01,101.668,industrial_production,INDPRO
2025-10-01,101.2195,industrial_production,INDPRO
2025-11-01,101.0344,industrial_production,INDPRO
2025-12-01,101.5203,industrial_production,INDPRO
2026-01-01,101.4737,industrial_production,INDPRO
2026-02-01,102.1009,industrial_production,INDPRO
2026-03-01,101.806,industrial_production,INDPRO
2026-04-01,102.4963,industrial_production,INDPRO
2015-01-01,1.88,10y_treasury,GS10
2015-02-01,1.98,10y_treasury,GS10
2015-03-01,2.04,10y_treasury,GS10
2015-04-01,1.94,10y_treasury,GS10
2015-05-01,2.2,10y_treasury,GS10
2015-06-01,2.36,10y_treasury,GS10
2015-07-01,2.32,10y_treasury,GS10
2015-08-01,2.17,10y_treasury,GS10
2015-09-01,2.17,10y_treasury,GS10
2015-10-01,2.07,10y_treasury,GS10
2015-11-01,2.26,10y_treasury,GS10
2015-12-01,2.24,10y_treasury,GS10
2016-01-01,2.09,10y_treasury,GS10
2016-02-01,1.78,10y_treasury,GS10
2016-03-01,1.89,10y_treasury,GS10
2016-04-01,1.81,10y_treasury,GS10
2016-05-01,1.81,10y_treasury,GS10
2016-06-01,1.64,10y_treasury,GS10
2016-07-01,1.5,10y_treasury,GS10
2016-08-01,1.56,10y_treasury,GS10
2016-09-01,1.63,10y_treasury,GS10
2016-10-01,1.76,10y_treasury,GS10
2016-11-01,2.14,10y_treasury,GS10
2016-12-01,2.49,10y_treasury,GS10
2017-01-01,2.43,10y_treasury,GS10
2017-02-01,2.42,10y_treasury,GS10
2017-03-01,2.48,10y_treasury,GS10
2017-04-01,2.3,10y_treasury,GS10
2017-05-01,2.3,10y_treasury,GS10
2017-06-01,2.19,10y_treasury,GS10
2017-07-01,2.32,10y_treasury,GS10
2017-08-01,2.21,10y_treasury,GS10
2017-09-01,2.2,10y_treasury,GS10
2017-10-01,2.36,10y_treasury,GS10
2017-11-01,2.35,10y_treasury,GS10
2017-12-01,2.4,10y_treasury,GS10
2018-01-01,2.58,10y_treasury,GS10
2018-02-01,2.86,10y_treasury,GS10
2018-03-01,2.84,10y_treasury,GS10
2018-04-01,2.87,10y_treasury,GS10
2018-05-01,2.98,10y_treasury,GS10
2018-06-01,2.91,10y_treasury,GS10
2018-07-01,2.89,10y_treasury,GS10
2018-08-01,2.89,10y_treasury,GS10
2018-09-01,3.0,10y_treasury,GS10
2018-10-01,3.15,10y_treasury,GS10
2018-11-01,3.12,10y_treasury,GS10
2018-12-01,2.83,10y_treasury,GS10
2019-01-01,2.71,10y_treasury,GS10
2019-02-01,2.68,10y_treasury,GS10
2019-03-01,2.57,10y_treasury,GS10
2019-04-01,2.53,10y_treasury,GS10
2019-05-01,2.4,10y_treasury,GS10
2019-06-01,2.07,10y_treasury,GS10
2019-07-01,2.06,10y_treasury,GS10
2019-08-01,1.63,10y_treasury,GS10
2019-09-01,1.7,10y_treasury,GS10
2019-10-01,1.71,10y_treasury,GS10
2019-11-01,1.81,10y_treasury,GS10
2019-12-01,1.86,10y_treasury,GS10
2020-01-01,1.76,10y_treasury,GS10
2020-02-01,1.5,10y_treasury,GS10
2020-03-01,0.87,10y_treasury,GS10
2020-04-01,0.66,10y_treasury,GS10
2020-05-01,0.67,10y_treasury,GS10
2020-06-01,0.73,10y_treasury,GS10
2020-07-01,0.62,10y_treasury,GS10
2020-08-01,0.65,10y_treasury,GS10
2020-09-01,0.68,10y_treasury,GS10
2020-10-01,0.79,10y_treasury,GS10
2020-11-01,0.87,10y_treasury,GS10
2020-12-01,0.93,10y_treasury,GS10
2021-01-01,1.08,10y_treasury,GS10
2021-02-01,1.26,10y_treasury,GS10
2021-03-01,1.61,10y_treasury,GS10
2021-04-01,1.64,10y_treasury,GS10
2021-05-01,1.62,10y_treasury,GS10
2021-06-01,1.52,10y_treasury,GS10
2021-07-01,1.32,10y_treasury,GS10
2021-08-01,1.28,10y_treasury,GS10
2021-09-01,1.37,10y_treasury,GS10
2021-10-01,1.58,10y_treasury,GS10
2021-11-01,1.56,10y_treasury,GS10
2021-12-01,1.47,10y_treasury,GS10
2022-01-01,1.76,10y_treasury,GS10
2022-02-01,1.93,10y_treasury,GS10
2022-03-01,2.13,10y_treasury,GS10
2022-04-01,2.75,10y_treasury,GS10
2022-05-01,2.9,10y_treasury,GS10
2022-06-01,3.14,10y_treasury,GS10
2022-07-01,2.9,10y_treasury,GS10
2022-08-01,2.9,10y_treasury,GS10
2022-09-01,3.52,10y_treasury,GS10
2022-10-01,3.98,10y_treasury,GS10
2022-11-01,3.89,10y_treasury,GS10
2022-12-01,3.62,10y_treasury,GS10
2023-01-01,3.53,10y_treasury,GS10
2023-02-01,3.75,10y_treasury,GS10
2023-03-01,3.66,10y_treasury,GS10
2023-04-01,3.46,10y_treasury,GS10
2023-05-01,3.57,10y_treasury,GS10
2023-06-01,3.75,10y_treasury,GS10
2023-07-01,3.9,10y_treasury,GS10
2023-08-01,4.17,10y_treasury,GS10
2023-09-01,4.38,10y_treasury,GS10
2023-10-01,4.8,10y_treasury,GS10
2023-11-01,4.5,10y_treasury,GS10
2023-12-01,4.02,10y_treasury,GS10
2024-01-01,4.06,10y_treasury,GS10
2024-02-01,4.21,10y_treasury,GS10
2024-03-01,4.21,10y_treasury,GS10
2024-04-01,4.54,10y_treasury,GS10
2024-05-01,4.48,10y_treasury,GS10
2024-06-01,4.31,10y_treasury,GS10
2024-07-01,4.25,10y_treasury,GS10
2024-08-01,3.87,10y_treasury,GS10
2024-09-01,3.72,10y_treasury,GS10
2024-10-01,4.1,10y_treasury,GS10
2024-11-01,4.36,10y_treasury,GS10
2024-12-01,4.39,10y_treasury,GS10
2025-01-01,4.63,10y_treasury,GS10
2025-02-01,4.45,10y_treasury,GS10
2025-03-01,4.28,10y_treasury,GS10
2025-04-01,4.28,10y_treasury,GS10
2025-05-01,4.42,10y_treasury,GS10
2025-06-01,4.38,10y_treasury,GS10
2025-07-01,4.39,10y_treasury,GS10
2025-08-01,4.26,10y_treasury,GS10
2025-09-01,4.12,10y_treasury,GS10
2025-10-01,4.06,10y_treasury,GS10
2025-11-01,4.09,10y_treasury,GS10
2025-12-01,4.14,10y_treasury,GS10
2026-01-01,4.21,10y_treasury,GS10
2026-02-01,4.13,10y_treasury,GS10
2026-03-01,4.25,10y_treasury,GS10
2026-04-01,4.32,10y_treasury,GS10
2026-05-01,4.48,10y_treasury,GS10
2015-01-01,0.55,2y_treasury,GS2
2015-02-01,0.62,2y_treasury,GS2
2015-03-01,0.64,2y_treasury,GS2
2015-04-01,0.54,2y_treasury,GS2
2015-05-01,0.61,2y_treasury,GS2
2015-06-01,0.69,2y_treasury,GS2
2015-07-01,0.67,2y_treasury,GS2
2015-08-01,0.7,2y_treasury,GS2
2015-09-01,0.71,2y_treasury,GS2
2015-10-01,0.64,2y_treasury,GS2
2015-11-01,0.88,2y_treasury,GS2
2015-12-01,0.98,2y_treasury,GS2
2016-01-01,0.9,2y_treasury,GS2
2016-02-01,0.73,2y_treasury,GS2
2016-03-01,0.88,2y_treasury,GS2
2016-04-01,0.77,2y_treasury,GS2
2016-05-01,0.82,2y_treasury,GS2
2016-06-01,0.73,2y_treasury,GS2
2016-07-01,0.67,2y_treasury,GS2
2016-08-01,0.74,2y_treasury,GS2
2016-09-01,0.77,2y_treasury,GS2
2016-10-01,0.84,2y_treasury,GS2
2016-11-01,0.98,2y_treasury,GS2
2016-12-01,1.2,2y_treasury,GS2
2017-01-01,1.21,2y_treasury,GS2
2017-02-01,1.2,2y_treasury,GS2
2017-03-01,1.31,2y_treasury,GS2
2017-04-01,1.24,2y_treasury,GS2
2017-05-01,1.3,2y_treasury,GS2
2017-06-01,1.34,2y_treasury,GS2
2017-07-01,1.37,2y_treasury,GS2
2017-08-01,1.34,2y_treasury,GS2
2017-09-01,1.38,2y_treasury,GS2
2017-10-01,1.55,2y_treasury,GS2
2017-11-01,1.7,2y_treasury,GS2
2017-12-01,1.84,2y_treasury,GS2
2018-01-01,2.03,2y_treasury,GS2
2018-02-01,2.18,2y_treasury,GS2
2018-03-01,2.28,2y_treasury,GS2
2018-04-01,2.38,2y_treasury,GS2
2018-05-01,2.51,2y_treasury,GS2
2018-06-01,2.53,2y_treasury,GS2
2018-07-01,2.61,2y_treasury,GS2
2018-08-01,2.64,2y_treasury,GS2
2018-09-01,2.77,2y_treasury,GS2
2018-10-01,2.86,2y_treasury,GS2
2018-11-01,2.86,2y_treasury,GS2
2018-12-01,2.68,2y_treasury,GS2
2019-01-01,2.54,2y_treasury,GS2
2019-02-01,2.5,2y_treasury,GS2
2019-03-01,2.41,2y_treasury,GS2
2019-04-01,2.34,2y_treasury,GS2
2019-05-01,2.21,2y_treasury,GS2
2019-06-01,1.81,2y_treasury,GS2
2019-07-01,1.84,2y_treasury,GS2
2019-08-01,1.57,2y_treasury,GS2
2019-09-01,1.65,2y_treasury,GS2
2019-10-01,1.55,2y_treasury,GS2
2019-11-01,1.61,2y_treasury,GS2
2019-12-01,1.61,2y_treasury,GS2
2020-01-01,1.52,2y_treasury,GS2
2020-02-01,1.33,2y_treasury,GS2
2020-03-01,0.45,2y_treasury,GS2
2020-04-01,0.22,2y_treasury,GS2
2020-05-01,0.17,2y_treasury,GS2
2020-06-01,0.19,2y_treasury,GS2
2020-07-01,0.15,2y_treasury,GS2
2020-08-01,0.14,2y_treasury,GS2
2020-09-01,0.13,2y_treasury,GS2
2020-10-01,0.15,2y_treasury,GS2
2020-11-01,0.17,2y_treasury,GS2
2020-12-01,0.14,2y_treasury,GS2
2021-01-01,0.13,2y_treasury,GS2
2021-02-01,0.12,2y_treasury,GS2
2021-03-01,0.15,2y_treasury,GS2
2021-04-01,0.16,2y_treasury,GS2
2021-05-01,0.16,2y_treasury,GS2
2021-06-01,0.2,2y_treasury,GS2
2021-07-01,0.22,2y_treasury,GS2
2021-08-01,0.22,2y_treasury,GS2
2021-09-01,0.24,2y_treasury,GS2
2021-10-01,0.39,2y_treasury,GS2
2021-11-01,0.51,2y_treasury,GS2
2021-12-01,0.68,2y_treasury,GS2
2022-01-01,0.98,2y_treasury,GS2
2022-02-01,1.44,2y_treasury,GS2
2022-03-01,1.91,2y_treasury,GS2
2022-04-01,2.54,2y_treasury,GS2
2022-05-01,2.62,2y_treasury,GS2
2022-06-01,3.0,2y_treasury,GS2
2022-07-01,3.04,2y_treasury,GS2
2022-08-01,3.25,2y_treasury,GS2
2022-09-01,3.86,2y_treasury,GS2
2022-10-01,4.38,2y_treasury,GS2
2022-11-01,4.5,2y_treasury,GS2
2022-12-01,4.29,2y_treasury,GS2
2023-01-01,4.21,2y_treasury,GS2
2023-02-01,4.53,2y_treasury,GS2
2023-03-01,4.3,2y_treasury,GS2
2023-04-01,4.02,2y_treasury,GS2
2023-05-01,4.13,2y_treasury,GS2
2023-06-01,4.64,2y_treasury,GS2
2023-07-01,4.83,2y_treasury,GS2
2023-08-01,4.9,2y_treasury,GS2
2023-09-01,5.02,2y_treasury,GS2
2023-10-01,5.07,2y_treasury,GS2
2023-11-01,4.88,2y_treasury,GS2
2023-12-01,4.46,2y_treasury,GS2
2024-01-01,4.32,2y_treasury,GS2
2024-02-01,4.54,2y_treasury,GS2
2024-03-01,4.59,2y_treasury,GS2
2024-04-01,4.87,2y_treasury,GS2
2024-05-01,4.86,2y_treasury,GS2
2024-06-01,4.74,2y_treasury,GS2
2024-07-01,4.5,2y_treasury,GS2
2024-08-01,3.97,2y_treasury,GS2
2024-09-01,3.62,2y_treasury,GS2
2024-10-01,3.97,2y_treasury,GS2
2024-11-01,4.26,2y_treasury,GS2
2024-12-01,4.23,2y_treasury,GS2
2025-01-01,4.27,2y_treasury,GS2
2025-02-01,4.21,2y_treasury,GS2
2025-03-01,3.97,2y_treasury,GS2
2025-04-01,3.78,2y_treasury,GS2
2025-05-01,3.92,2y_treasury,GS2
2025-06-01,3.89,2y_treasury,GS2
2025-07-01,3.88,2y_treasury,GS2
2025-08-01,3.7,2y_treasury,GS2
2025-09-01,3.57,2y_treasury,GS2
2025-10-01,3.52,2y_treasury,GS2
2025-11-01,3.55,2y_treasury,GS2
2025-12-01,3.5,2y_treasury,GS2
2026-01-01,3.54,2y_treasury,GS2
2026-02-01,3.47,2y_treasury,GS2
2026-03-01,3.71,2y_treasury,GS2
2026-04-01,3.8,2y_treasury,GS2
2026-05-01,4.0,2y_treasury,GS2
2015-01-01,3.46,aaa_corporate_yield,AAA
2015-02-01,3.61,aaa_corporate_yield,AAA
2015-03-01,3.64,aaa_corporate_yield,AAA
2015-04-01,3.52,aaa_corporate_yield,AAA
2015-05-01,3.98,aaa_corporate_yield,AAA
2015-06-01,4.19,aaa_corporate_yield,AAA
2015-07-01,4.15,aaa_corporate_yield,AAA
2015-08-01,4.04,aaa_corporate_yield,AAA
2015-09-01,4.07,aaa_corporate_yield,AAA
2015-10-01,3.95,aaa_corporate_yield,AAA
2015-11-01,4.06,aaa_corporate_yield,AAA
2015-12-01,3.97,aaa_corporate_yield,AAA
2016-01-01,4.0,aaa_corporate_yield,AAA
2016-02-01,3.96,aaa_corporate_yield,AAA
2016-03-01,3.82,aaa_corporate_yield,AAA
2016-04-01,3.62,aaa_corporate_yield,AAA
2016-05-01,3.65,aaa_corporate_yield,AAA
2016-06-01,3.5,aaa_corporate_yield,AAA
2016-07-01,3.28,aaa_corporate_yield,AAA
2016-08-01,3.32,aaa_corporate_yield,AAA
2016-09-01,3.41,aaa_corporate_yield,AAA
2016-10-01,3.51,aaa_corporate_yield,AAA
2016-11-01,3.86,aaa_corporate_yield,AAA
2016-12-01,4.06,aaa_corporate_yield,AAA
2017-01-01,3.92,aaa_corporate_yield,AAA
2017-02-01,3.95,aaa_corporate_yield,AAA
2017-03-01,4.01,aaa_corporate_yield,AAA
2017-04-01,3.87,aaa_corporate_yield,AAA
2017-05-01,3.85,aaa_corporate_yield,AAA
2017-06-01,3.68,aaa_corporate_yield,AAA
2017-07-01,3.7,aaa_corporate_yield,AAA
2017-08-01,3.63,aaa_corporate_yield,AAA
2017-09-01,3.63,aaa_corporate_yield,AAA
2017-10-01,3.6,aaa_corporate_yield,AAA
2017-11-01,3.57,aaa_corporate_yield,AAA
2017-12-01,3.51,aaa_corporate_yield,AAA
2018-01-01,3.55,aaa_corporate_yield,AAA
2018-02-01,3.82,aaa_corporate_yield,AAA
2018-03-01,3.87,aaa_corporate_yield,AAA
2018-04-01,3.85,aaa_corporate_yield,AAA
2018-05-01,4.0,aaa_corporate_yield,AAA
2018-06-01,3.96,aaa_corporate_yield,AAA
2018-07-01,3.87,aaa_corporate_yield,AAA
2018-08-01,3.88,aaa_corporate_yield,AAA
2018-09-01,3.98,aaa_corporate_yield,AAA
2018-10-01,4.14,aaa_corporate_yield,AAA
2018-11-01,4.22,aaa_corporate_yield,AAA
2018-12-01,4.02,aaa_corporate_yield,AAA
2019-01-01,3.93,aaa_corporate_yield,AAA
2019-02-01,3.79,aaa_corporate_yield,AAA
2019-03-01,3.77,aaa_corporate_yield,AAA
2019-04-01,3.69,aaa_corporate_yield,AAA
2019-05-01,3.67,aaa_corporate_yield,AAA
2019-06-01,3.42,aaa_corporate_yield,AAA
2019-07-01,3.29,aaa_corporate_yield,AAA
2019-08-01,2.98,aaa_corporate_yield,AAA
2019-09-01,3.03,aaa_corporate_yield,AAA
2019-10-01,3.01,aaa_corporate_yield,AAA
2019-11-01,3.06,aaa_corporate_yield,AAA
2019-12-01,3.01,aaa_corporate_yield,AAA
2020-01-01,2.94,aaa_corporate_yield,AAA
2020-02-01,2.78,aaa_corporate_yield,AAA
2020-03-01,3.02,aaa_corporate_yield,AAA
2020-04-01,2.43,aaa_corporate_yield,AAA
2020-05-01,2.5,aaa_corporate_yield,AAA
2020-06-01,2.44,aaa_corporate_yield,AAA
2020-07-01,2.14,aaa_corporate_yield,AAA
2020-08-01,2.25,aaa_corporate_yield,AAA
2020-09-01,2.31,aaa_corporate_yield,AAA
2020-10-01,2.35,aaa_corporate_yield,AAA
2020-11-01,2.3,aaa_corporate_yield,AAA
2020-12-01,2.26,aaa_corporate_yield,AAA
2021-01-01,2.45,aaa_corporate_yield,AAA
2021-02-01,2.7,aaa_corporate_yield,AAA
2021-03-01,3.04,aaa_corporate_yield,AAA
2021-04-01,2.9,aaa_corporate_yield,AAA
2021-05-01,2.96,aaa_corporate_yield,AAA
2021-06-01,2.79,aaa_corporate_yield,AAA
2021-07-01,2.57,aaa_corporate_yield,AAA
2021-08-01,2.55,aaa_corporate_yield,AAA
2021-09-01,2.53,aaa_corporate_yield,AAA
2021-10-01,2.68,aaa_corporate_yield,AAA
2021-11-01,2.62,aaa_corporate_yield,AAA
2021-12-01,2.65,aaa_corporate_yield,AAA
2022-01-01,2.93,aaa_corporate_yield,AAA
2022-02-01,3.25,aaa_corporate_yield,AAA
2022-03-01,3.43,aaa_corporate_yield,AAA
2022-04-01,3.76,aaa_corporate_yield,AAA
2022-05-01,4.13,aaa_corporate_yield,AAA
2022-06-01,4.24,aaa_corporate_yield,AAA
2022-07-01,4.06,aaa_corporate_yield,AAA
2022-08-01,4.07,aaa_corporate_yield,AAA
2022-09-01,4.59,aaa_corporate_yield,AAA
2022-10-01,5.1,aaa_corporate_yield,AAA
2022-11-01,4.9,aaa_corporate_yield,AAA
2022-12-01,4.43,aaa_corporate_yield,AAA
2023-01-01,4.4,aaa_corporate_yield,AAA
2023-02-01,4.56,aaa_corporate_yield,AAA
2023-03-01,4.6,aaa_corporate_yield,AAA
2023-04-01,4.47,aaa_corporate_yield,AAA
2023-05-01,4.67,aaa_corporate_yield,AAA
2023-06-01,4.65,aaa_corporate_yield,AAA
2023-07-01,4.66,aaa_corporate_yield,AAA
2023-08-01,4.95,aaa_corporate_yield,AAA
2023-09-01,5.13,aaa_corporate_yield,AAA
2023-10-01,5.61,aaa_corporate_yield,AAA
2023-11-01,5.28,aaa_corporate_yield,AAA
2023-12-01,4.74,aaa_corporate_yield,AAA
2024-01-01,4.87,aaa_corporate_yield,AAA
2024-02-01,5.03,aaa_corporate_yield,AAA
2024-03-01,5.01,aaa_corporate_yield,AAA
2024-04-01,5.28,aaa_corporate_yield,AAA
2024-05-01,5.25,aaa_corporate_yield,AAA
2024-06-01,5.13,aaa_corporate_yield,AAA
2024-07-01,5.12,aaa_corporate_yield,AAA
2024-08-01,4.87,aaa_corporate_yield,AAA
2024-09-01,4.68,aaa_corporate_yield,AAA
2024-10-01,4.95,aaa_corporate_yield,AAA
2024-11-01,5.14,aaa_corporate_yield,AAA
2024-12-01,5.2,aaa_corporate_yield,AAA
2025-01-01,5.46,aaa_corporate_yield,AAA
2025-02-01,5.32,aaa_corporate_yield,AAA
2025-03-01,5.29,aaa_corporate_yield,AAA
2025-04-01,5.45,aaa_corporate_yield,AAA
2025-05-01,5.54,aaa_corporate_yield,AAA
2025-06-01,5.46,aaa_corporate_yield,AAA
2025-07-01,5.45,aaa_corporate_yield,AAA
2025-08-01,5.35,aaa_corporate_yield,AAA
2025-09-01,5.21,aaa_corporate_yield,AAA
2025-10-01,5.13,aaa_corporate_yield,AAA
2025-11-01,5.26,aaa_corporate_yield,AAA
2025-12-01,5.31,aaa_corporate_yield,AAA
2026-01-01,5.34,aaa_corporate_yield,AAA
2026-02-01,5.3,aaa_corporate_yield,AAA
2026-03-01,5.48,aaa_corporate_yield,AAA
2026-04-01,5.42,aaa_corporate_yield,AAA
2026-05-01,5.56,aaa_corporate_yield,AAA
2015-01-01,4.45,bbb_corporate_yield,BAA
2015-02-01,4.51,bbb_corporate_yield,BAA
2015-03-01,4.54,bbb_corporate_yield,BAA
2015-04-01,4.48,bbb_corporate_yield,BAA
2015-05-01,4.89,bbb_corporate_yield,BAA
2015-06-01,5.13,bbb_corporate_yield,BAA
2015-07-01,5.2,bbb_corporate_yield,BAA
2015-08-01,5.19,bbb_corporate_yield,BAA
2015-09-01,5.34,bbb_corporate_yield,BAA
2015-10-01,5.34,bbb_corporate_yield,BAA
2015-11-01,5.46,bbb_corporate_yield,BAA
2015-12-01,5.46,bbb_corporate_yield,BAA
2016-01-01,5.45,bbb_corporate_yield,BAA
2016-02-01,5.34,bbb_corporate_yield,BAA
2016-03-01,5.13,bbb_corporate_yield,BAA
2016-04-01,4.79,bbb_corporate_yield,BAA
2016-05-01,4.68,bbb_corporate_yield,BAA
2016-06-01,4.53,bbb_corporate_yield,BAA
2016-07-01,4.22,bbb_corporate_yield,BAA
2016-08-01,4.24,bbb_corporate_yield,BAA
2016-09-01,4.31,bbb_corporate_yield,BAA
2016-10-01,4.38,bbb_corporate_yield,BAA
2016-11-01,4.71,bbb_corporate_yield,BAA
2016-12-01,4.83,bbb_corporate_yield,BAA
2017-01-01,4.66,bbb_corporate_yield,BAA
2017-02-01,4.64,bbb_corporate_yield,BAA
2017-03-01,4.68,bbb_corporate_yield,BAA
2017-04-01,4.57,bbb_corporate_yield,BAA
2017-05-01,4.55,bbb_corporate_yield,BAA
2017-06-01,4.37,bbb_corporate_yield,BAA
2017-07-01,4.39,bbb_corporate_yield,BAA
2017-08-01,4.31,bbb_corporate_yield,BAA
2017-09-01,4.3,bbb_corporate_yield,BAA
2017-10-01,4.32,bbb_corporate_yield,BAA
2017-11-01,4.27,bbb_corporate_yield,BAA
2017-12-01,4.22,bbb_corporate_yield,BAA
2018-01-01,4.26,bbb_corporate_yield,BAA
2018-02-01,4.51,bbb_corporate_yield,BAA
2018-03-01,4.64,bbb_corporate_yield,BAA
2018-04-01,4.67,bbb_corporate_yield,BAA
2018-05-01,4.83,bbb_corporate_yield,BAA
2018-06-01,4.83,bbb_corporate_yield,BAA
2018-07-01,4.79,bbb_corporate_yield,BAA
2018-08-01,4.77,bbb_corporate_yield,BAA
2018-09-01,4.88,bbb_corporate_yield,BAA
2018-10-01,5.07,bbb_corporate_yield,BAA
2018-11-01,5.22,bbb_corporate_yield,BAA
2018-12-01,5.13,bbb_corporate_yield,BAA
2019-01-01,5.12,bbb_corporate_yield,BAA
2019-02-01,4.95,bbb_corporate_yield,BAA
2019-03-01,4.84,bbb_corporate_yield,BAA
2019-04-01,4.7,bbb_corporate_yield,BAA
2019-05-01,4.63,bbb_corporate_yield,BAA
2019-06-01,4.46,bbb_corporate_yield,BAA
2019-07-01,4.28,bbb_corporate_yield,BAA
2019-08-01,3.87,bbb_corporate_yield,BAA
2019-09-01,3.91,bbb_corporate_yield,BAA
2019-10-01,3.92,bbb_corporate_yield,BAA
2019-11-01,3.94,bbb_corporate_yield,BAA
2019-12-01,3.88,bbb_corporate_yield,BAA
2020-01-01,3.77,bbb_corporate_yield,BAA
2020-02-01,3.61,bbb_corporate_yield,BAA
2020-03-01,4.29,bbb_corporate_yield,BAA
2020-04-01,4.13,bbb_corporate_yield,BAA
2020-05-01,3.95,bbb_corporate_yield,BAA
2020-06-01,3.64,bbb_corporate_yield,BAA
2020-07-01,3.31,bbb_corporate_yield,BAA
2020-08-01,3.27,bbb_corporate_yield,BAA
2020-09-01,3.36,bbb_corporate_yield,BAA
2020-10-01,3.44,bbb_corporate_yield,BAA
2020-11-01,3.3,bbb_corporate_yield,BAA
2020-12-01,3.16,bbb_corporate_yield,BAA
2021-01-01,3.24,bbb_corporate_yield,BAA
2021-02-01,3.42,bbb_corporate_yield,BAA
2021-03-01,3.74,bbb_corporate_yield,BAA
2021-04-01,3.6,bbb_corporate_yield,BAA
2021-05-01,3.62,bbb_corporate_yield,BAA
2021-06-01,3.44,bbb_corporate_yield,BAA
2021-07-01,3.24,bbb_corporate_yield,BAA
2021-08-01,3.24,bbb_corporate_yield,BAA
2021-09-01,3.23,bbb_corporate_yield,BAA
2021-10-01,3.35,bbb_corporate_yield,BAA
2021-11-01,3.28,bbb_corporate_yield,BAA
2021-12-01,3.3,bbb_corporate_yield,BAA
2022-01-01,3.58,bbb_corporate_yield,BAA
2022-02-01,3.97,bbb_corporate_yield,BAA
2022-03-01,4.29,bbb_corporate_yield,BAA
2022-04-01,4.66,bbb_corporate_yield,BAA
2022-05-01,5.12,bbb_corporate_yield,BAA
2022-06-01,5.27,bbb_corporate_yield,BAA
2022-07-01,5.21,bbb_corporate_yield,BAA
2022-08-01,5.15,bbb_corporate_yield,BAA
2022-09-01,5.69,bbb_corporate_yield,BAA
2022-10-01,6.26,bbb_corporate_yield,BAA
2022-11-01,6.07,bbb_corporate_yield,BAA
2022-12-01,5.59,bbb_corporate_yield,BAA
2023-01-01,5.5,bbb_corporate_yield,BAA
2023-02-01,5.59,bbb_corporate_yield,BAA
2023-03-01,5.71,bbb_corporate_yield,BAA
2023-04-01,5.53,bbb_corporate_yield,BAA
2023-05-01,5.77,bbb_corporate_yield,BAA
2023-06-01,5.75,bbb_corporate_yield,BAA
2023-07-01,5.74,bbb_corporate_yield,BAA
2023-08-01,6.02,bbb_corporate_yield,BAA
2023-09-01,6.16,bbb_corporate_yield,BAA
2023-10-01,6.63,bbb_corporate_yield,BAA
2023-11-01,6.29,bbb_corporate_yield,BAA
2023-12-01,5.64,bbb_corporate_yield,BAA
2024-01-01,5.68,bbb_corporate_yield,BAA
2024-02-01,5.77,bbb_corporate_yield,BAA
2024-03-01,5.75,bbb_corporate_yield,BAA
2024-04-01,6.0,bbb_corporate_yield,BAA
2024-05-01,5.95,bbb_corporate_yield,BAA
2024-06-01,5.82,bbb_corporate_yield,BAA
2024-07-01,5.84,bbb_corporate_yield,BAA
2024-08-01,5.6,bbb_corporate_yield,BAA
2024-09-01,5.42,bbb_corporate_yield,BAA
2024-10-01,5.63,bbb_corporate_yield,BAA
2024-11-01,5.78,bbb_corporate_yield,BAA
2024-12-01,5.8,bbb_corporate_yield,BAA
2025-01-01,6.08,bbb_corporate_yield,BAA
2025-02-01,5.92,bbb_corporate_yield,BAA
2025-03-01,5.93,bbb_corporate_yield,BAA
2025-04-01,6.18,bbb_corporate_yield,BAA
2025-05-01,6.29,bbb_corporate_yield,BAA
2025-06-01,6.15,bbb_corporate_yield,BAA
2025-07-01,6.1,bbb_corporate_yield,BAA
2025-08-01,6.0,bbb_corporate_yield,BAA
2025-09-01,5.83,bbb_corporate_yield,BAA
2025-10-01,5.74,bbb_corporate_yield,BAA
2025-11-01,5.86,bbb_corporate_yield,BAA
2025-12-01,5.9,bbb_corporate_yield,BAA
2026-01-01,5.88,bbb_corporate_yield,BAA
2026-02-01,5.81,bbb_corporate_yield,BAA
2026-03-01,6.04,bbb_corporate_yield,BAA
2026-04-01,6.03,bbb_corporate_yield,BAA
2026-05-01,6.1,bbb_corporate_yield,BAA
2015-01-03,294000.0,initial_jobless_claims,ICSA
2015-01-10,304000.0,initial_jobless_claims,ICSA
2015-01-17,298000.0,initial_jobless_claims,ICSA
2015-01-24,261000.0,initial_jobless_claims,ICSA
2015-01-31,281000.0,initial_jobless_claims,ICSA
2015-02-07,298000.0,initial_jobless_claims,ICSA
2015-02-14,285000.0,initial_jobless_claims,ICSA
2015-02-21,305000.0,initial_jobless_claims,ICSA
2015-02-28,317000.0,initial_jobless_claims,ICSA
2015-03-07,293000.0,initial_jobless_claims,ICSA
2015-03-14,290000.0,initial_jobless_claims,ICSA
2015-03-21,284000.0,initial_jobless_claims,ICSA
2015-03-28,269000.0,initial_jobless_claims,ICSA
2015-04-04,282000.0,initial_jobless_claims,ICSA
2015-04-11,298000.0,initial_jobless_claims,ICSA
2015-04-18,295000.0,initial_jobless_claims,ICSA
2015-04-25,269000.0,initial_jobless_claims,ICSA
2015-05-02,267000.0,initial_jobless_claims,ICSA
2015-05-09,271000.0,initial_jobless_claims,ICSA
2015-05-16,276000.0,initial_jobless_claims,ICSA
2015-05-23,281000.0,initial_jobless_claims,ICSA
2015-05-30,275000.0,initial_jobless_claims,ICSA
2015-06-06,278000.0,initial_jobless_claims,ICSA
2015-06-13,269000.0,initial_jobless_claims,ICSA
2015-06-20,273000.0,initial_jobless_claims,ICSA
2015-06-27,275000.0,initial_jobless_claims,ICSA
2015-07-04,292000.0,initial_jobless_claims,ICSA
2015-07-11,285000.0,initial_jobless_claims,ICSA
2015-07-18,265000.0,initial_jobless_claims,ICSA
2015-07-25,269000.0,initial_jobless_claims,ICSA
2015-08-01,270000.0,initial_jobless_claims,ICSA
2015-08-08,274000.0,initial_jobless_claims,ICSA
2015-08-15,279000.0,initial_jobless_claims,ICSA
2015-08-22,274000.0,initial_jobless_claims,ICSA
2015-08-29,279000.0,initial_jobless_claims,ICSA
2015-09-05,273000.0,initial_jobless_claims,ICSA
2015-09-12,264000.0,initial_jobless_claims,ICSA
2015-09-19,269000.0,initial_jobless_claims,ICSA
2015-09-26,272000.0,initial_jobless_claims,ICSA
2015-10-03,267000.0,initial_jobless_claims,ICSA
2015-10-10,265000.0,initial_jobless_claims,ICSA
2015-10-17,264000.0,initial_jobless_claims,ICSA
2015-10-24,264000.0,initial_jobless_claims,ICSA
2015-10-31,275000.0,initial_jobless_claims,ICSA
2015-11-07,276000.0,initial_jobless_claims,ICSA
2015-11-14,272000.0,initial_jobless_claims,ICSA
2015-11-21,261000.0,initial_jobless_claims,ICSA
2015-11-28,265000.0,initial_jobless_claims,ICSA
2015-12-05,280000.0,initial_jobless_claims,ICSA
2015-12-12,268000.0,initial_jobless_claims,ICSA
2015-12-19,260000.0,initial_jobless_claims,ICSA
2015-12-26,276000.0,initial_jobless_claims,ICSA
2016-01-02,273000.0,initial_jobless_claims,ICSA
2016-01-09,284000.0,initial_jobless_claims,ICSA
2016-01-16,290000.0,initial_jobless_claims,ICSA
2016-01-23,269000.0,initial_jobless_claims,ICSA
2016-01-30,282000.0,initial_jobless_claims,ICSA
2016-02-06,266000.0,initial_jobless_claims,ICSA
2016-02-13,262000.0,initial_jobless_claims,ICSA
2016-02-20,270000.0,initial_jobless_claims,ICSA
2016-02-27,269000.0,initial_jobless_claims,ICSA
2016-03-05,255000.0,initial_jobless_claims,ICSA
2016-03-12,263000.0,initial_jobless_claims,ICSA
2016-03-19,264000.0,initial_jobless_claims,ICSA
2016-03-26,271000.0,initial_jobless_claims,ICSA
2016-04-02,273000.0,initial_jobless_claims,ICSA
2016-04-09,263000.0,initial_jobless_claims,ICSA
2016-04-16,257000.0,initial_jobless_claims,ICSA
2016-04-23,259000.0,initial_jobless_claims,ICSA
2016-04-30,278000.0,initial_jobless_claims,ICSA
2016-05-07,289000.0,initial_jobless_claims,ICSA
2016-05-14,279000.0,initial_jobless_claims,ICSA
2016-05-21,267000.0,initial_jobless_claims,ICSA
2016-05-28,263000.0,initial_jobless_claims,ICSA
2016-06-04,265000.0,initial_jobless_claims,ICSA
2016-06-11,273000.0,initial_jobless_claims,ICSA
2016-06-18,261000.0,initial_jobless_claims,ICSA
2016-06-25,262000.0,initial_jobless_claims,ICSA
2016-07-02,255000.0,initial_jobless_claims,ICSA
2016-07-09,252000.0,initial_jobless_claims,ICSA
2016-07-16,260000.0,initial_jobless_claims,ICSA
2016-07-23,264000.0,initial_jobless_claims,ICSA
2016-07-30,266000.0,initial_jobless_claims,ICSA
2016-08-06,265000.0,initial_jobless_claims,ICSA
2016-08-13,264000.0,initial_jobless_claims,ICSA
2016-08-20,264000.0,initial_jobless_claims,ICSA
2016-08-27,261000.0,initial_jobless_claims,ICSA
2016-09-03,257000.0,initial_jobless_claims,ICSA
2016-09-10,252000.0,initial_jobless_claims,ICSA
2016-09-17,250000.0,initial_jobless_claims,ICSA
2016-09-24,247000.0,initial_jobless_claims,ICSA
2016-10-01,245000.0,initial_jobless_claims,ICSA
2016-10-08,250000.0,initial_jobless_claims,ICSA
2016-10-15,263000.0,initial_jobless_claims,ICSA
2016-10-22,256000.0,initial_jobless_claims,ICSA
2016-10-29,265000.0,initial_jobless_claims,ICSA
2016-11-05,250000.0,initial_jobless_claims,ICSA
2016-11-12,232000.0,initial_jobless_claims,ICSA
2016-11-19,246000.0,initial_jobless_claims,ICSA
2016-11-26,255000.0,initial_jobless_claims,ICSA
2016-12-03,248000.0,initial_jobless_claims,ICSA
2016-12-10,252000.0,initial_jobless_claims,ICSA
2016-12-17,260000.0,initial_jobless_claims,ICSA
2016-12-24,257000.0,initial_jobless_claims,ICSA
2016-12-31,244000.0,initial_jobless_claims,ICSA
2017-01-07,245000.0,initial_jobless_claims,ICSA
2017-01-14,240000.0,initial_jobless_claims,ICSA
2017-01-21,250000.0,initial_jobless_claims,ICSA
2017-01-28,241000.0,initial_jobless_claims,ICSA
2017-02-04,230000.0,initial_jobless_claims,ICSA
2017-02-11,233000.0,initial_jobless_claims,ICSA
2017-02-18,237000.0,initial_jobless_claims,ICSA
2017-02-25,221000.0,initial_jobless_claims,ICSA
2017-03-04,236000.0,initial_jobless_claims,ICSA
2017-03-11,228000.0,initial_jobless_claims,ICSA
2017-03-18,235000.0,initial_jobless_claims,ICSA
2017-03-25,236000.0,initial_jobless_claims,ICSA
2017-04-01,216000.0,initial_jobless_claims,ICSA
2017-04-08,222000.0,initial_jobless_claims,ICSA
2017-04-15,231000.0,initial_jobless_claims,ICSA
2017-04-22,238000.0,initial_jobless_claims,ICSA
2017-04-29,232000.0,initial_jobless_claims,ICSA
2017-05-06,233000.0,initial_jobless_claims,ICSA
2017-05-13,234000.0,initial_jobless_claims,ICSA
2017-05-20,236000.0,initial_jobless_claims,ICSA
2017-05-27,253000.0,initial_jobless_claims,ICSA
2017-06-03,251000.0,initial_jobless_claims,ICSA
2017-06-10,245000.0,initial_jobless_claims,ICSA
2017-06-17,249000.0,initial_jobless_claims,ICSA
2017-06-24,247000.0,initial_jobless_claims,ICSA
2017-07-01,256000.0,initial_jobless_claims,ICSA
2017-07-08,259000.0,initial_jobless_claims,ICSA
2017-07-15,245000.0,initial_jobless_claims,ICSA
2017-07-22,249000.0,initial_jobless_claims,ICSA
2017-07-29,245000.0,initial_jobless_claims,ICSA
2017-08-05,254000.0,initial_jobless_claims,ICSA
2017-08-12,245000.0,initial_jobless_claims,ICSA
2017-08-19,245000.0,initial_jobless_claims,ICSA
2017-08-26,247000.0,initial_jobless_claims,ICSA
2017-09-02,297000.0,initial_jobless_claims,ICSA
2017-09-09,280000.0,initial_jobless_claims,ICSA
2017-09-16,261000.0,initial_jobless_claims,ICSA
2017-09-23,264000.0,initial_jobless_claims,ICSA
2017-09-30,260000.0,initial_jobless_claims,ICSA
2017-10-07,252000.0,initial_jobless_claims,ICSA
2017-10-14,235000.0,initial_jobless_claims,ICSA
2017-10-21,241000.0,initial_jobless_claims,ICSA
2017-10-28,241000.0,initial_jobless_claims,ICSA
2017-11-04,248000.0,initial_jobless_claims,ICSA
2017-11-11,254000.0,initial_jobless_claims,ICSA
2017-11-18,246000.0,initial_jobless_claims,ICSA
2017-11-25,243000.0,initial_jobless_claims,ICSA
2017-12-02,241000.0,initial_jobless_claims,ICSA
2017-12-09,229000.0,initial_jobless_claims,ICSA
2017-12-16,244000.0,initial_jobless_claims,ICSA
2017-12-23,251000.0,initial_jobless_claims,ICSA
2017-12-30,248000.0,initial_jobless_claims,ICSA
2018-01-06,252000.0,initial_jobless_claims,ICSA
2018-01-13,230000.0,initial_jobless_claims,ICSA
2018-01-20,231000.0,initial_jobless_claims,ICSA
2018-01-27,228000.0,initial_jobless_claims,ICSA
2018-02-03,224000.0,initial_jobless_claims,ICSA
2018-02-10,225000.0,initial_jobless_claims,ICSA
2018-02-17,219000.0,initial_jobless_claims,ICSA
2018-02-24,216000.0,initial_jobless_claims,ICSA
2018-03-03,228000.0,initial_jobless_claims,ICSA
2018-03-10,223000.0,initial_jobless_claims,ICSA
2018-03-17,225000.0,initial_jobless_claims,ICSA
2018-03-24,221000.0,initial_jobless_claims,ICSA
2018-03-31,232000.0,initial_jobless_claims,ICSA
2018-04-07,234000.0,initial_jobless_claims,ICSA
2018-04-14,236000.0,initial_jobless_claims,ICSA
2018-04-21,207000.0,initial_jobless_claims,ICSA
2018-04-28,209000.0,initial_jobless_claims,ICSA
2018-05-05,211000.0,initial_jobless_claims,ICSA
2018-05-12,222000.0,initial_jobless_claims,ICSA
2018-05-19,230000.0,initial_jobless_claims,ICSA
2018-05-26,222000.0,initial_jobless_claims,ICSA
2018-06-02,223000.0,initial_jobless_claims,ICSA
2018-06-09,222000.0,initial_jobless_claims,ICSA
2018-06-16,218000.0,initial_jobless_claims,ICSA
2018-06-23,222000.0,initial_jobless_claims,ICSA
2018-06-30,228000.0,initial_jobless_claims,ICSA
2018-07-07,216000.0,initial_jobless_claims,ICSA
2018-07-14,205000.0,initial_jobless_claims,ICSA
2018-07-21,210000.0,initial_jobless_claims,ICSA
2018-07-28,207000.0,initial_jobless_claims,ICSA
2018-08-04,210000.0,initial_jobless_claims,ICSA
2018-08-11,206000.0,initial_jobless_claims,ICSA
2018-08-18,207000.0,initial_jobless_claims,ICSA
2018-08-25,211000.0,initial_jobless_claims,ICSA
2018-09-01,201000.0,initial_jobless_claims,ICSA
2018-09-08,204000.0,initial_jobless_claims,ICSA
2018-09-15,206000.0,initial_jobless_claims,ICSA
2018-09-22,205000.0,initial_jobless_claims,ICSA
2018-09-29,210000.0,initial_jobless_claims,ICSA
2018-10-06,211000.0,initial_jobless_claims,ICSA
2018-10-13,208000.0,initial_jobless_claims,ICSA
2018-10-20,217000.0,initial_jobless_claims,ICSA
2018-10-27,216000.0,initial_jobless_claims,ICSA
2018-11-03,218000.0,initial_jobless_claims,ICSA
2018-11-10,221000.0,initial_jobless_claims,ICSA
2018-11-17,225000.0,initial_jobless_claims,ICSA
2018-11-24,237000.0,initial_jobless_claims,ICSA
2018-12-01,232000.0,initial_jobless_claims,ICSA
2018-12-08,208000.0,initial_jobless_claims,ICSA
2018-12-15,217000.0,initial_jobless_claims,ICSA
2018-12-22,228000.0,initial_jobless_claims,ICSA
2018-12-29,238000.0,initial_jobless_claims,ICSA
2019-01-05,225000.0,initial_jobless_claims,ICSA
2019-01-12,218000.0,initial_jobless_claims,ICSA
2019-01-19,214000.0,initial_jobless_claims,ICSA
2019-01-26,234000.0,initial_jobless_claims,ICSA
2019-02-02,232000.0,initial_jobless_claims,ICSA
2019-02-09,226000.0,initial_jobless_claims,ICSA
2019-02-16,211000.0,initial_jobless_claims,ICSA
2019-02-23,221000.0,initial_jobless_claims,ICSA
2019-03-02,216000.0,initial_jobless_claims,ICSA
2019-03-09,218000.0,initial_jobless_claims,ICSA
2019-03-16,212000.0,initial_jobless_claims,ICSA
2019-03-23,210000.0,initial_jobless_claims,ICSA
2019-03-30,203000.0,initial_jobless_claims,ICSA
2019-04-06,196000.0,initial_jobless_claims,ICSA
2019-04-13,197000.0,initial_jobless_claims,ICSA
2019-04-20,222000.0,initial_jobless_claims,ICSA
2019-04-27,224000.0,initial_jobless_claims,ICSA
2019-05-04,225000.0,initial_jobless_claims,ICSA
2019-05-11,212000.0,initial_jobless_claims,ICSA
2019-05-18,215000.0,initial_jobless_claims,ICSA
2019-05-25,222000.0,initial_jobless_claims,ICSA
2019-06-01,223000.0,initial_jobless_claims,ICSA
2019-06-08,226000.0,initial_jobless_claims,ICSA
2019-06-15,217000.0,initial_jobless_claims,ICSA
2019-06-22,234000.0,initial_jobless_claims,ICSA
2019-06-29,226000.0,initial_jobless_claims,ICSA
2019-07-06,215000.0,initial_jobless_claims,ICSA
2019-07-13,211000.0,initial_jobless_claims,ICSA
2019-07-20,202000.0,initial_jobless_claims,ICSA
2019-07-27,206000.0,initial_jobless_claims,ICSA
2019-08-03,208000.0,initial_jobless_claims,ICSA
2019-08-10,212000.0,initial_jobless_claims,ICSA
2019-08-17,207000.0,initial_jobless_claims,ICSA
2019-08-24,213000.0,initial_jobless_claims,ICSA
2019-08-31,215000.0,initial_jobless_claims,ICSA
2019-09-07,207000.0,initial_jobless_claims,ICSA
2019-09-14,205000.0,initial_jobless_claims,ICSA
2019-09-21,211000.0,initial_jobless_claims,ICSA
2019-09-28,215000.0,initial_jobless_claims,ICSA
2019-10-05,209000.0,initial_jobless_claims,ICSA
2019-10-12,215000.0,initial_jobless_claims,ICSA
2019-10-19,210000.0,initial_jobless_claims,ICSA
2019-10-26,215000.0,initial_jobless_claims,ICSA
2019-11-02,214000.0,initial_jobless_claims,ICSA
2019-11-09,227000.0,initial_jobless_claims,ICSA
2019-11-16,229000.0,initial_jobless_claims,ICSA
2019-11-23,221000.0,initial_jobless_claims,ICSA
2019-11-30,231000.0,initial_jobless_claims,ICSA
2019-12-07,247000.0,initial_jobless_claims,ICSA
2019-12-14,236000.0,initial_jobless_claims,ICSA
2019-12-21,230000.0,initial_jobless_claims,ICSA
2019-12-28,231000.0,initial_jobless_claims,ICSA
2020-01-04,224000.0,initial_jobless_claims,ICSA
2020-01-11,207000.0,initial_jobless_claims,ICSA
2020-01-18,221000.0,initial_jobless_claims,ICSA
2020-01-25,210000.0,initial_jobless_claims,ICSA
2020-02-01,207000.0,initial_jobless_claims,ICSA
2020-02-08,202000.0,initial_jobless_claims,ICSA
2020-02-15,209000.0,initial_jobless_claims,ICSA
2020-02-22,218000.0,initial_jobless_claims,ICSA
2020-02-29,215000.0,initial_jobless_claims,ICSA
2020-03-07,208000.0,initial_jobless_claims,ICSA
2020-03-14,273000.0,initial_jobless_claims,ICSA
2020-03-21,2914000.0,initial_jobless_claims,ICSA
2020-03-28,5946000.0,initial_jobless_claims,ICSA
2020-04-04,6137000.0,initial_jobless_claims,ICSA
2020-04-11,4869000.0,initial_jobless_claims,ICSA
2020-04-18,4201000.0,initial_jobless_claims,ICSA
2020-04-25,3446000.0,initial_jobless_claims,ICSA
2020-05-02,2796000.0,initial_jobless_claims,ICSA
2020-05-09,2335000.0,initial_jobless_claims,ICSA
2020-05-16,2176000.0,initial_jobless_claims,ICSA
2020-05-23,1921000.0,initial_jobless_claims,ICSA
2020-05-30,1639000.0,initial_jobless_claims,ICSA
2020-06-06,1575000.0,initial_jobless_claims,ICSA
2020-06-13,1473000.0,initial_jobless_claims,ICSA
2020-06-20,1467000.0,initial_jobless_claims,ICSA
2020-06-27,1446000.0,initial_jobless_claims,ICSA
2020-07-04,1413000.0,initial_jobless_claims,ICSA
2020-07-11,1468000.0,initial_jobless_claims,ICSA
2020-07-18,1393000.0,initial_jobless_claims,ICSA
2020-07-25,1260000.0,initial_jobless_claims,ICSA
2020-08-01,1044000.0,initial_jobless_claims,ICSA
2020-08-08,884000.0,initial_jobless_claims,ICSA
2020-08-15,927000.0,initial_jobless_claims,ICSA
2020-08-22,876000.0,initial_jobless_claims,ICSA
2020-08-29,881000.0,initial_jobless_claims,ICSA
2020-09-05,892000.0,initial_jobless_claims,ICSA
2020-09-12,861000.0,initial_jobless_claims,ICSA
2020-09-19,859000.0,initial_jobless_claims,ICSA
2020-09-26,795000.0,initial_jobless_claims,ICSA
2020-10-03,785000.0,initial_jobless_claims,ICSA
2020-10-10,839000.0,initial_jobless_claims,ICSA
2020-10-17,804000.0,initial_jobless_claims,ICSA
2020-10-24,776000.0,initial_jobless_claims,ICSA
2020-10-31,773000.0,initial_jobless_claims,ICSA
2020-11-07,737000.0,initial_jobless_claims,ICSA
2020-11-14,738000.0,initial_jobless_claims,ICSA
2020-11-21,793000.0,initial_jobless_claims,ICSA
2020-11-28,737000.0,initial_jobless_claims,ICSA
2020-12-05,873000.0,initial_jobless_claims,ICSA
2020-12-12,886000.0,initial_jobless_claims,ICSA
2020-12-19,815000.0,initial_jobless_claims,ICSA
2020-12-26,773000.0,initial_jobless_claims,ICSA
2021-01-02,803000.0,initial_jobless_claims,ICSA
2021-01-09,890000.0,initial_jobless_claims,ICSA
2021-01-16,844000.0,initial_jobless_claims,ICSA
2021-01-23,799000.0,initial_jobless_claims,ICSA
2021-01-30,803000.0,initial_jobless_claims,ICSA
2021-02-06,812000.0,initial_jobless_claims,ICSA
2021-02-13,802000.0,initial_jobless_claims,ICSA
2021-02-20,702000.0,initial_jobless_claims,ICSA
2021-02-27,704000.0,initial_jobless_claims,ICSA
2021-03-06,693000.0,initial_jobless_claims,ICSA
2021-03-13,699000.0,initial_jobless_claims,ICSA
2021-03-20,627000.0,initial_jobless_claims,ICSA
2021-03-27,658000.0,initial_jobless_claims,ICSA
2021-04-03,645000.0,initial_jobless_claims,ICSA
2021-04-10,571000.0,initial_jobless_claims,ICSA
2021-04-17,566000.0,initial_jobless_claims,ICSA
2021-04-24,574000.0,initial_jobless_claims,ICSA
2021-05-01,517000.0,initial_jobless_claims,ICSA
2021-05-08,494000.0,initial_jobless_claims,ICSA
2021-05-15,467000.0,initial_jobless_claims,ICSA
2021-05-22,441000.0,initial_jobless_claims,ICSA
2021-05-29,427000.0,initial_jobless_claims,ICSA
2021-06-05,420000.0,initial_jobless_claims,ICSA
2021-06-12,428000.0,initial_jobless_claims,ICSA
2021-06-19,422000.0,initial_jobless_claims,ICSA
2021-06-26,368000.0,initial_jobless_claims,ICSA
2021-07-03,371000.0,initial_jobless_claims,ICSA
2021-07-10,333000.0,initial_jobless_claims,ICSA
2021-07-17,387000.0,initial_jobless_claims,ICSA
2021-07-24,380000.0,initial_jobless_claims,ICSA
2021-07-31,379000.0,initial_jobless_claims,ICSA
2021-08-07,361000.0,initial_jobless_claims,ICSA
2021-08-14,367000.0,initial_jobless_claims,ICSA
2021-08-21,358000.0,initial_jobless_claims,ICSA
2021-08-28,353000.0,initial_jobless_claims,ICSA
2021-09-04,335000.0,initial_jobless_claims,ICSA
2021-09-11,342000.0,initial_jobless_claims,ICSA
2021-09-18,367000.0,initial_jobless_claims,ICSA
2021-09-25,375000.0,initial_jobless_claims,ICSA
2021-10-02,312000.0,initial_jobless_claims,ICSA
2021-10-09,291000.0,initial_jobless_claims,ICSA
2021-10-16,289000.0,initial_jobless_claims,ICSA
2021-10-23,269000.0,initial_jobless_claims,ICSA
2021-10-30,261000.0,initial_jobless_claims,ICSA
2021-11-06,251000.0,initial_jobless_claims,ICSA
2021-11-13,250000.0,initial_jobless_claims,ICSA
2021-11-20,224000.0,initial_jobless_claims,ICSA
2021-11-27,221000.0,initial_jobless_claims,ICSA
2021-12-04,206000.0,initial_jobless_claims,ICSA
2021-12-11,227000.0,initial_jobless_claims,ICSA
2021-12-18,215000.0,initial_jobless_claims,ICSA
2021-12-25,217000.0,initial_jobless_claims,ICSA
2022-01-01,229000.0,initial_jobless_claims,ICSA
2022-01-08,250000.0,initial_jobless_claims,ICSA
2022-01-15,246000.0,initial_jobless_claims,ICSA
2022-01-22,240000.0,initial_jobless_claims,ICSA
2022-01-29,231000.0,initial_jobless_claims,ICSA
2022-02-05,210000.0,initial_jobless_claims,ICSA
2022-02-12,234000.0,initial_jobless_claims,ICSA
2022-02-19,224000.0,initial_jobless_claims,ICSA
2022-02-26,208000.0,initial_jobless_claims,ICSA
2022-03-05,222000.0,initial_jobless_claims,ICSA
2022-03-12,217000.0,initial_jobless_claims,ICSA
2022-03-19,207000.0,initial_jobless_claims,ICSA
2022-03-26,214000.0,initial_jobless_claims,ICSA
2022-04-02,214000.0,initial_jobless_claims,ICSA
2022-04-09,214000.0,initial_jobless_claims,ICSA
2022-04-16,210000.0,initial_jobless_claims,ICSA
2022-04-23,209000.0,initial_jobless_claims,ICSA
2022-04-30,218000.0,initial_jobless_claims,ICSA
2022-05-07,204000.0,initial_jobless_claims,ICSA
2022-05-14,225000.0,initial_jobless_claims,ICSA
2022-05-21,211000.0,initial_jobless_claims,ICSA
2022-05-28,199000.0,initial_jobless_claims,ICSA
2022-06-04,213000.0,initial_jobless_claims,ICSA
2022-06-11,211000.0,initial_jobless_claims,ICSA
2022-06-18,214000.0,initial_jobless_claims,ICSA
2022-06-25,212000.0,initial_jobless_claims,ICSA
2022-07-02,214000.0,initial_jobless_claims,ICSA
2022-07-09,212000.0,initial_jobless_claims,ICSA
2022-07-16,216000.0,initial_jobless_claims,ICSA
2022-07-23,221000.0,initial_jobless_claims,ICSA
2022-07-30,228000.0,initial_jobless_claims,ICSA
2022-08-06,221000.0,initial_jobless_claims,ICSA
2022-08-13,220000.0,initial_jobless_claims,ICSA
2022-08-20,215000.0,initial_jobless_claims,ICSA
2022-08-27,210000.0,initial_jobless_claims,ICSA
2022-09-03,203000.0,initial_jobless_claims,ICSA
2022-09-10,195000.0,initial_jobless_claims,ICSA
2022-09-17,202000.0,initial_jobless_claims,ICSA
2022-09-24,190000.0,initial_jobless_claims,ICSA
2022-10-01,203000.0,initial_jobless_claims,ICSA
2022-10-08,207000.0,initial_jobless_claims,ICSA
2022-10-15,199000.0,initial_jobless_claims,ICSA
2022-10-22,202000.0,initial_jobless_claims,ICSA
2022-10-29,202000.0,initial_jobless_claims,ICSA
2022-11-05,204000.0,initial_jobless_claims,ICSA
2022-11-12,210000.0,initial_jobless_claims,ICSA
2022-11-19,220000.0,initial_jobless_claims,ICSA
2022-11-26,209000.0,initial_jobless_claims,ICSA
2022-12-03,209000.0,initial_jobless_claims,ICSA
2022-12-10,209000.0,initial_jobless_claims,ICSA
2022-12-17,213000.0,initial_jobless_claims,ICSA
2022-12-24,205000.0,initial_jobless_claims,ICSA
2022-12-31,205000.0,initial_jobless_claims,ICSA
2023-01-07,210000.0,initial_jobless_claims,ICSA
2023-01-14,204000.0,initial_jobless_claims,ICSA
2023-01-21,204000.0,initial_jobless_claims,ICSA
2023-01-28,200000.0,initial_jobless_claims,ICSA
2023-02-04,215000.0,initial_jobless_claims,ICSA
2023-02-11,220000.0,initial_jobless_claims,ICSA
2023-02-18,217000.0,initial_jobless_claims,ICSA
2023-02-25,207000.0,initial_jobless_claims,ICSA
2023-03-04,230000.0,initial_jobless_claims,ICSA
2023-03-11,222000.0,initial_jobless_claims,ICSA
2023-03-18,230000.0,initial_jobless_claims,ICSA
2023-03-25,234000.0,initial_jobless_claims,ICSA
2023-04-01,217000.0,initial_jobless_claims,ICSA
2023-04-08,220000.0,initial_jobless_claims,ICSA
2023-04-15,223000.0,initial_jobless_claims,ICSA
2023-04-22,209000.0,initial_jobless_claims,ICSA
2023-04-29,213000.0,initial_jobless_claims,ICSA
2023-05-06,223000.0,initial_jobless_claims,ICSA
2023-05-13,225000.0,initial_jobless_claims,ICSA
2023-05-20,227000.0,initial_jobless_claims,ICSA
2023-05-27,229000.0,initial_jobless_claims,ICSA
2023-06-03,252000.0,initial_jobless_claims,ICSA
2023-06-10,256000.0,initial_jobless_claims,ICSA
2023-06-17,259000.0,initial_jobless_claims,ICSA
2023-06-24,236000.0,initial_jobless_claims,ICSA
2023-07-01,248000.0,initial_jobless_claims,ICSA
2023-07-08,230000.0,initial_jobless_claims,ICSA
2023-07-15,229000.0,initial_jobless_claims,ICSA
2023-07-22,231000.0,initial_jobless_claims,ICSA
2023-07-29,238000.0,initial_jobless_claims,ICSA
2023-08-05,258000.0,initial_jobless_claims,ICSA
2023-08-12,248000.0,initial_jobless_claims,ICSA
2023-08-19,240000.0,initial_jobless_claims,ICSA
2023-08-26,234000.0,initial_jobless_claims,ICSA
2023-09-02,225000.0,initial_jobless_claims,ICSA
2023-09-09,225000.0,initial_jobless_claims,ICSA
2023-09-16,211000.0,initial_jobless_claims,ICSA
2023-09-23,216000.0,initial_jobless_claims,ICSA
2023-09-30,216000.0,initial_jobless_claims,ICSA
2023-10-07,210000.0,initial_jobless_claims,ICSA
2023-10-14,200000.0,initial_jobless_claims,ICSA
2023-10-21,214000.0,initial_jobless_claims,ICSA
2023-10-28,217000.0,initial_jobless_claims,ICSA
2023-11-04,216000.0,initial_jobless_claims,ICSA
2023-11-11,230000.0,initial_jobless_claims,ICSA
2023-11-18,213000.0,initial_jobless_claims,ICSA
2023-11-25,213000.0,initial_jobless_claims,ICSA
2023-12-02,215000.0,initial_jobless_claims,ICSA
2023-12-09,203000.0,initial_jobless_claims,ICSA
2023-12-16,209000.0,initial_jobless_claims,ICSA
2023-12-23,212000.0,initial_jobless_claims,ICSA
2023-12-30,200000.0,initial_jobless_claims,ICSA
2024-01-06,201000.0,initial_jobless_claims,ICSA
2024-01-13,195000.0,initial_jobless_claims,ICSA
2024-01-20,224000.0,initial_jobless_claims,ICSA
2024-01-27,226000.0,initial_jobless_claims,ICSA
2024-02-03,213000.0,initial_jobless_claims,ICSA
2024-02-10,213000.0,initial_jobless_claims,ICSA
2024-02-17,202000.0,initial_jobless_claims,ICSA
2024-02-24,212000.0,initial_jobless_claims,ICSA
2024-03-02,213000.0,initial_jobless_claims,ICSA
2024-03-09,213000.0,initial_jobless_claims,ICSA
2024-03-16,213000.0,initial_jobless_claims,ICSA
2024-03-23,214000.0,initial_jobless_claims,ICSA
2024-03-30,223000.0,initial_jobless_claims,ICSA
2024-04-06,213000.0,initial_jobless_claims,ICSA
2024-04-13,212000.0,initial_jobless_claims,ICSA
2024-04-20,209000.0,initial_jobless_claims,ICSA
2024-04-27,207000.0,initial_jobless_claims,ICSA
2024-05-04,230000.0,initial_jobless_claims,ICSA
2024-05-11,222000.0,initial_jobless_claims,ICSA
2024-05-18,216000.0,initial_jobless_claims,ICSA
2024-05-25,220000.0,initial_jobless_claims,ICSA
2024-06-01,227000.0,initial_jobless_claims,ICSA
2024-06-08,240000.0,initial_jobless_claims,ICSA
2024-06-15,236000.0,initial_jobless_claims,ICSA
2024-06-22,233000.0,initial_jobless_claims,ICSA
2024-06-29,238000.0,initial_jobless_claims,ICSA
2024-07-06,223000.0,initial_jobless_claims,ICSA
2024-07-13,241000.0,initial_jobless_claims,ICSA
2024-07-20,237000.0,initial_jobless_claims,ICSA
2024-07-27,248000.0,initial_jobless_claims,ICSA
2024-08-03,234000.0,initial_jobless_claims,ICSA
2024-08-10,228000.0,initial_jobless_claims,ICSA
2024-08-17,232000.0,initial_jobless_claims,ICSA
2024-08-24,232000.0,initial_jobless_claims,ICSA
2024-08-31,227000.0,initial_jobless_claims,ICSA
2024-09-07,227000.0,initial_jobless_claims,ICSA
2024-09-14,223000.0,initial_jobless_claims,ICSA
2024-09-21,221000.0,initial_jobless_claims,ICSA
2024-09-28,227000.0,initial_jobless_claims,ICSA
2024-10-05,258000.0,initial_jobless_claims,ICSA
2024-10-12,241000.0,initial_jobless_claims,ICSA
2024-10-19,227000.0,initial_jobless_claims,ICSA
2024-10-26,219000.0,initial_jobless_claims,ICSA
2024-11-02,221000.0,initial_jobless_claims,ICSA
2024-11-09,218000.0,initial_jobless_claims,ICSA
2024-11-16,216000.0,initial_jobless_claims,ICSA
2024-11-23,219000.0,initial_jobless_claims,ICSA
2024-11-30,222000.0,initial_jobless_claims,ICSA
2024-12-07,238000.0,initial_jobless_claims,ICSA
2024-12-14,222000.0,initial_jobless_claims,ICSA
2024-12-21,219000.0,initial_jobless_claims,ICSA
2024-12-28,212000.0,initial_jobless_claims,ICSA
2025-01-04,206000.0,initial_jobless_claims,ICSA
2025-01-11,219000.0,initial_jobless_claims,ICSA
2025-01-18,223000.0,initial_jobless_claims,ICSA
2025-01-25,212000.0,initial_jobless_claims,ICSA
2025-02-01,220000.0,initial_jobless_claims,ICSA
2025-02-08,216000.0,initial_jobless_claims,ICSA
2025-02-15,223000.0,initial_jobless_claims,ICSA
2025-02-22,241000.0,initial_jobless_claims,ICSA
2025-03-01,224000.0,initial_jobless_claims,ICSA
2025-03-08,222000.0,initial_jobless_claims,ICSA
2025-03-15,225000.0,initial_jobless_claims,ICSA
2025-03-22,224000.0,initial_jobless_claims,ICSA
2025-03-29,220000.0,initial_jobless_claims,ICSA
2025-04-05,223000.0,initial_jobless_claims,ICSA
2025-04-12,217000.0,initial_jobless_claims,ICSA
2025-04-19,224000.0,initial_jobless_claims,ICSA
2025-04-26,239000.0,initial_jobless_claims,ICSA
2025-05-03,228000.0,initial_jobless_claims,ICSA
2025-05-10,226000.0,initial_jobless_claims,ICSA
2025-05-17,225000.0,initial_jobless_claims,ICSA
2025-05-24,236000.0,initial_jobless_claims,ICSA
2025-05-31,244000.0,initial_jobless_claims,ICSA
2025-06-07,246000.0,initial_jobless_claims,ICSA
2025-06-14,243000.0,initial_jobless_claims,ICSA
2025-06-21,236000.0,initial_jobless_claims,ICSA
2025-06-28,231000.0,initial_jobless_claims,ICSA
2025-07-05,228000.0,initial_jobless_claims,ICSA
2025-07-12,221000.0,initial_jobless_claims,ICSA
2025-07-19,218000.0,initial_jobless_claims,ICSA
2025-07-26,219000.0,initial_jobless_claims,ICSA
2025-08-02,226000.0,initial_jobless_claims,ICSA
2025-08-09,224000.0,initial_jobless_claims,ICSA
2025-08-16,233000.0,initial_jobless_claims,ICSA
2025-08-23,229000.0,initial_jobless_claims,ICSA
2025-08-30,236000.0,initial_jobless_claims,ICSA
2025-09-06,259000.0,initial_jobless_claims,ICSA
2025-09-13,233000.0,initial_jobless_claims,ICSA
2025-09-20,219000.0,initial_jobless_claims,ICSA
2025-09-27,225000.0,initial_jobless_claims,ICSA
2025-10-04,233000.0,initial_jobless_claims,ICSA
2025-10-11,222000.0,initial_jobless_claims,ICSA
2025-10-18,231000.0,initial_jobless_claims,ICSA
2025-10-25,221000.0,initial_jobless_claims,ICSA
2025-11-01,228000.0,initial_jobless_claims,ICSA
2025-11-08,228000.0,initial_jobless_claims,ICSA
2025-11-15,222000.0,initial_jobless_claims,ICSA
2025-11-22,218000.0,initial_jobless_claims,ICSA
2025-11-29,216000.0,initial_jobless_claims,ICSA
2025-12-06,235000.0,initial_jobless_claims,ICSA
2025-12-13,224000.0,initial_jobless_claims,ICSA
2025-12-20,215000.0,initial_jobless_claims,ICSA
2025-12-27,203000.0,initial_jobless_claims,ICSA
2026-01-03,207000.0,initial_jobless_claims,ICSA
2026-01-10,201000.0,initial_jobless_claims,ICSA
2026-01-17,210000.0,initial_jobless_claims,ICSA
2026-01-24,211000.0,initial_jobless_claims,ICSA
2026-01-31,230000.0,initial_jobless_claims,ICSA
2026-02-07,230000.0,initial_jobless_claims,ICSA
2026-02-14,208000.0,initial_jobless_claims,ICSA
2026-02-21,211000.0,initial_jobless_claims,ICSA
2026-02-28,214000.0,initial_jobless_claims,ICSA
2026-03-07,213000.0,initial_jobless_claims,ICSA
2026-03-14,205000.0,initial_jobless_claims,ICSA
2026-03-21,211000.0,initial_jobless_claims,ICSA
2026-03-28,203000.0,initial_jobless_claims,ICSA
2026-04-04,218000.0,initial_jobless_claims,ICSA
2026-04-11,208000.0,initial_jobless_claims,ICSA
2026-04-18,215000.0,initial_jobless_claims,ICSA
2026-04-25,190000.0,initial_jobless_claims,ICSA
2026-05-02,199000.0,initial_jobless_claims,ICSA
2026-05-09,212000.0,initial_jobless_claims,ICSA
2026-05-16,210000.0,initial_jobless_claims,ICSA
2026-05-23,212000.0,initial_jobless_claims,ICSA
2026-05-30,225000.0,initial_jobless_claims,ICSA
2026-06-06,229000.0,initial_jobless_claims,ICSA
2015-01-01,98.1,consumer_sentiment,UMCSENT
2015-02-01,95.4,consumer_sentiment,UMCSENT
2015-03-01,93.0,consumer_sentiment,UMCSENT
2015-04-01,95.9,consumer_sentiment,UMCSENT
2015-05-01,90.7,consumer_sentiment,UMCSENT
2015-06-01,96.1,consumer_sentiment,UMCSENT
2015-07-01,93.1,consumer_sentiment,UMCSENT
2015-08-01,91.9,consumer_sentiment,UMCSENT
2015-09-01,87.2,consumer_sentiment,UMCSENT
2015-10-01,90.0,consumer_sentiment,UMCSENT
2015-11-01,91.3,consumer_sentiment,UMCSENT
2015-12-01,92.6,consumer_sentiment,UMCSENT
2016-01-01,92.0,consumer_sentiment,UMCSENT
2016-02-01,91.7,consumer_sentiment,UMCSENT
2016-03-01,91.0,consumer_sentiment,UMCSENT
2016-04-01,89.0,consumer_sentiment,UMCSENT
2016-05-01,94.7,consumer_sentiment,UMCSENT
2016-06-01,93.5,consumer_sentiment,UMCSENT
2016-07-01,90.0,consumer_sentiment,UMCSENT
2016-08-01,89.8,consumer_sentiment,UMCSENT
2016-09-01,91.2,consumer_sentiment,UMCSENT
2016-10-01,87.2,consumer_sentiment,UMCSENT
2016-11-01,93.8,consumer_sentiment,UMCSENT
2016-12-01,98.2,consumer_sentiment,UMCSENT
2017-01-01,98.5,consumer_sentiment,UMCSENT
2017-02-01,96.3,consumer_sentiment,UMCSENT
2017-03-01,96.9,consumer_sentiment,UMCSENT
2017-04-01,97.0,consumer_sentiment,UMCSENT
2017-05-01,97.1,consumer_sentiment,UMCSENT
2017-06-01,95.0,consumer_sentiment,UMCSENT
2017-07-01,93.4,consumer_sentiment,UMCSENT
2017-08-01,96.8,consumer_sentiment,UMCSENT
2017-09-01,95.1,consumer_sentiment,UMCSENT
2017-10-01,100.7,consumer_sentiment,UMCSENT
2017-11-01,98.5,consumer_sentiment,UMCSENT
2017-12-01,95.9,consumer_sentiment,UMCSENT
2018-01-01,95.7,consumer_sentiment,UMCSENT
2018-02-01,99.7,consumer_sentiment,UMCSENT
2018-03-01,101.4,consumer_sentiment,UMCSENT
2018-04-01,98.8,consumer_sentiment,UMCSENT
2018-05-01,98.0,consumer_sentiment,UMCSENT
2018-06-01,98.2,consumer_sentiment,UMCSENT
2018-07-01,97.9,consumer_sentiment,UMCSENT
2018-08-01,96.2,consumer_sentiment,UMCSENT
2018-09-01,100.1,consumer_sentiment,UMCSENT
2018-10-01,98.6,consumer_sentiment,UMCSENT
2018-11-01,97.5,consumer_sentiment,UMCSENT
2018-12-01,98.3,consumer_sentiment,UMCSENT
2019-01-01,91.2,consumer_sentiment,UMCSENT
2019-02-01,93.8,consumer_sentiment,UMCSENT
2019-03-01,98.4,consumer_sentiment,UMCSENT
2019-04-01,97.2,consumer_sentiment,UMCSENT
2019-05-01,100.0,consumer_sentiment,UMCSENT
2019-06-01,98.2,consumer_sentiment,UMCSENT
2019-07-01,98.4,consumer_sentiment,UMCSENT
2019-08-01,89.8,consumer_sentiment,UMCSENT
2019-09-01,93.2,consumer_sentiment,UMCSENT
2019-10-01,95.5,consumer_sentiment,UMCSENT
2019-11-01,96.8,consumer_sentiment,UMCSENT
2019-12-01,99.3,consumer_sentiment,UMCSENT
2020-01-01,99.8,consumer_sentiment,UMCSENT
2020-02-01,101.0,consumer_sentiment,UMCSENT
2020-03-01,89.1,consumer_sentiment,UMCSENT
2020-04-01,71.8,consumer_sentiment,UMCSENT
2020-05-01,72.3,consumer_sentiment,UMCSENT
2020-06-01,78.1,consumer_sentiment,UMCSENT
2020-07-01,72.5,consumer_sentiment,UMCSENT
2020-08-01,74.1,consumer_sentiment,UMCSENT
2020-09-01,80.4,consumer_sentiment,UMCSENT
2020-10-01,81.8,consumer_sentiment,UMCSENT
2020-11-01,76.9,consumer_sentiment,UMCSENT
2020-12-01,80.7,consumer_sentiment,UMCSENT
2021-01-01,79.0,consumer_sentiment,UMCSENT
2021-02-01,76.8,consumer_sentiment,UMCSENT
2021-03-01,84.9,consumer_sentiment,UMCSENT
2021-04-01,88.3,consumer_sentiment,UMCSENT
2021-05-01,82.9,consumer_sentiment,UMCSENT
2021-06-01,85.5,consumer_sentiment,UMCSENT
2021-07-01,81.2,consumer_sentiment,UMCSENT
2021-08-01,70.3,consumer_sentiment,UMCSENT
2021-09-01,72.8,consumer_sentiment,UMCSENT
2021-10-01,71.7,consumer_sentiment,UMCSENT
2021-11-01,67.4,consumer_sentiment,UMCSENT
2021-12-01,70.6,consumer_sentiment,UMCSENT
2022-01-01,67.2,consumer_sentiment,UMCSENT
2022-02-01,62.8,consumer_sentiment,UMCSENT
2022-03-01,59.4,consumer_sentiment,UMCSENT
2022-04-01,65.2,consumer_sentiment,UMCSENT
2022-05-01,58.4,consumer_sentiment,UMCSENT
2022-06-01,50.0,consumer_sentiment,UMCSENT
2022-07-01,51.5,consumer_sentiment,UMCSENT
2022-08-01,58.2,consumer_sentiment,UMCSENT
2022-09-01,58.6,consumer_sentiment,UMCSENT
2022-10-01,59.9,consumer_sentiment,UMCSENT
2022-11-01,56.7,consumer_sentiment,UMCSENT
2022-12-01,59.8,consumer_sentiment,UMCSENT
2023-01-01,64.9,consumer_sentiment,UMCSENT
2023-02-01,66.9,consumer_sentiment,UMCSENT
2023-03-01,62.0,consumer_sentiment,UMCSENT
2023-04-01,63.7,consumer_sentiment,UMCSENT
2023-05-01,59.0,consumer_sentiment,UMCSENT
2023-06-01,64.2,consumer_sentiment,UMCSENT
2023-07-01,71.5,consumer_sentiment,UMCSENT
2023-08-01,69.4,consumer_sentiment,UMCSENT
2023-09-01,67.8,consumer_sentiment,UMCSENT
2023-10-01,63.8,consumer_sentiment,UMCSENT
2023-11-01,61.3,consumer_sentiment,UMCSENT
2023-12-01,69.7,consumer_sentiment,UMCSENT
2024-01-01,79.0,consumer_sentiment,UMCSENT
2024-02-01,76.9,consumer_sentiment,UMCSENT
2024-03-01,79.4,consumer_sentiment,UMCSENT
2024-04-01,77.2,consumer_sentiment,UMCSENT
2024-05-01,69.1,consumer_sentiment,UMCSENT
2024-06-01,68.2,consumer_sentiment,UMCSENT
2024-07-01,66.4,consumer_sentiment,UMCSENT
2024-08-01,67.9,consumer_sentiment,UMCSENT
2024-09-01,70.1,consumer_sentiment,UMCSENT
2024-10-01,70.5,consumer_sentiment,UMCSENT
2024-11-01,71.8,consumer_sentiment,UMCSENT
2024-12-01,74.0,consumer_sentiment,UMCSENT
2025-01-01,71.7,consumer_sentiment,UMCSENT
2025-02-01,64.7,consumer_sentiment,UMCSENT
2025-03-01,57.0,consumer_sentiment,UMCSENT
2025-04-01,52.2,consumer_sentiment,UMCSENT
2025-05-01,52.2,consumer_sentiment,UMCSENT
2025-06-01,60.7,consumer_sentiment,UMCSENT
2025-07-01,61.7,consumer_sentiment,UMCSENT
2025-08-01,58.2,consumer_sentiment,UMCSENT
2025-09-01,55.1,consumer_sentiment,UMCSENT
2025-10-01,53.6,consumer_sentiment,UMCSENT
2025-11-01,51.0,consumer_sentiment,UMCSENT
2025-12-01,52.9,consumer_sentiment,UMCSENT
2026-01-01,56.4,consumer_sentiment,UMCSENT
2026-02-01,56.6,consumer_sentiment,UMCSENT
2026-03-01,53.3,consumer_sentiment,UMCSENT
2026-04-01,49.8,consumer_sentiment,UMCSENT
2015-01-01,0.0,recession_indicator,USREC
2015-02-01,0.0,recession_indicator,USREC
2015-03-01,0.0,recession_indicator,USREC
2015-04-01,0.0,recession_indicator,USREC
2015-05-01,0.0,recession_indicator,USREC
2015-06-01,0.0,recession_indicator,USREC
2015-07-01,0.0,recession_indicator,USREC
2015-08-01,0.0,recession_indicator,USREC
2015-09-01,0.0,recession_indicator,USREC
2015-10-01,0.0,recession_indicator,USREC
2015-11-01,0.0,recession_indicator,USREC
2015-12-01,0.0,recession_indicator,USREC
2016-01-01,0.0,recession_indicator,USREC
2016-02-01,0.0,recession_indicator,USREC
2016-03-01,0.0,recession_indicator,USREC
2016-04-01,0.0,recession_indicator,USREC
2016-05-01,0.0,recession_indicator,USREC
2016-06-01,0.0,recession_indicator,USREC
2016-07-01,0.0,recession_indicator,USREC
2016-08-01,0.0,recession_indicator,USREC
2016-09-01,0.0,recession_indicator,USREC
2016-10-01,0.0,recession_indicator,USREC
2016-11-01,0.0,recession_indicator,USREC
2016-12-01,0.0,recession_indicator,USREC
2017-01-01,0.0,recession_indicator,USREC
2017-02-01,0.0,recession_indicator,USREC
2017-03-01,0.0,recession_indicator,USREC
2017-04-01,0.0,recession_indicator,USREC
2017-05-01,0.0,recession_indicator,USREC
2017-06-01,0.0,recession_indicator,USREC
2017-07-01,0.0,recession_indicator,USREC
2017-08-01,0.0,recession_indicator,USREC
2017-09-01,0.0,recession_indicator,USREC
2017-10-01,0.0,recession_indicator,USREC
2017-11-01,0.0,recession_indicator,USREC
2017-12-01,0.0,recession_indicator,USREC
2018-01-01,0.0,recession_indicator,USREC
2018-02-01,0.0,recession_indicator,USREC
2018-03-01,0.0,recession_indicator,USREC
2018-04-01,0.0,recession_indicator,USREC
2018-05-01,0.0,recession_indicator,USREC
2018-06-01,0.0,recession_indicator,USREC
2018-07-01,0.0,recession_indicator,USREC
2018-08-01,0.0,recession_indicator,USREC
2018-09-01,0.0,recession_indicator,USREC
2018-10-01,0.0,recession_indicator,USREC
2018-11-01,0.0,recession_indicator,USREC
2018-12-01,0.0,recession_indicator,USREC
2019-01-01,0.0,recession_indicator,USREC
2019-02-01,0.0,recession_indicator,USREC
2019-03-01,0.0,recession_indicator,USREC
2019-04-01,0.0,recession_indicator,USREC
2019-05-01,0.0,recession_indicator,USREC
2019-06-01,0.0,recession_indicator,USREC
2019-07-01,0.0,recession_indicator,USREC
2019-08-01,0.0,recession_indicator,USREC
2019-09-01,0.0,recession_indicator,USREC
2019-10-01,0.0,recession_indicator,USREC
2019-11-01,0.0,recession_indicator,USREC
2019-12-01,0.0,recession_indicator,USREC
2020-01-01,0.0,recession_indicator,USREC
2020-02-01,0.0,recession_indicator,USREC
2020-03-01,1.0,recession_indicator,USREC
2020-04-01,1.0,recession_indicator,USREC
2020-05-01,0.0,recession_indicator,USREC
2020-06-01,0.0,recession_indicator,USREC
2020-07-01,0.0,recession_indicator,USREC
2020-08-01,0.0,recession_indicator,USREC
2020-09-01,0.0,recession_indicator,USREC
2020-10-01,0.0,recession_indicator,USREC
2020-11-01,0.0,recession_indicator,USREC
2020-12-01,0.0,recession_indicator,USREC
2021-01-01,0.0,recession_indicator,USREC
2021-02-01,0.0,recession_indicator,USREC
2021-03-01,0.0,recession_indicator,USREC
2021-04-01,0.0,recession_indicator,USREC
2021-05-01,0.0,recession_indicator,USREC
2021-06-01,0.0,recession_indicator,USREC
2021-07-01,0.0,recession_indicator,USREC
2021-08-01,0.0,recession_indicator,USREC
2021-09-01,0.0,recession_indicator,USREC
2021-10-01,0.0,recession_indicator,USREC
2021-11-01,0.0,recession_indicator,USREC
2021-12-01,0.0,recession_indicator,USREC
2022-01-01,0.0,recession_indicator,USREC
2022-02-01,0.0,recession_indicator,USREC
2022-03-01,0.0,recession_indicator,USREC
2022-04-01,0.0,recession_indicator,USREC
2022-05-01,0.0,recession_indicator,USREC
2022-06-01,0.0,recession_indicator,USREC
2022-07-01,0.0,recession_indicator,USREC
2022-08-01,0.0,recession_indicator,USREC
2022-09-01,0.0,recession_indicator,USREC
2022-10-01,0.0,recession_indicator,USREC
2022-11-01,0.0,recession_indicator,USREC
2022-12-01,0.0,recession_indicator,USREC
2023-01-01,0.0,recession_indicator,USREC
2023-02-01,0.0,recession_indicator,USREC
2023-03-01,0.0,recession_indicator,USREC
2023-04-01,0.0,recession_indicator,USREC
2023-05-01,0.0,recession_indicator,USREC
2023-06-01,0.0,recession_indicator,USREC
2023-07-01,0.0,recession_indicator,USREC
2023-08-01,0.0,recession_indicator,USREC
2023-09-01,0.0,recession_indicator,USREC
2023-10-01,0.0,recession_indicator,USREC
2023-11-01,0.0,recession_indicator,USREC
2023-12-01,0.0,recession_indicator,USREC
2024-01-01,0.0,recession_indicator,USREC
2024-02-01,0.0,recession_indicator,USREC
2024-03-01,0.0,recession_indicator,USREC
2024-04-01,0.0,recession_indicator,USREC
2024-05-01,0.0,recession_indicator,USREC
2024-06-01,0.0,recession_indicator,USREC
2024-07-01,0.0,recession_indicator,USREC
2024-08-01,0.0,recession_indicator,USREC
2024-09-01,0.0,recession_indicator,USREC
2024-10-01,0.0,recession_indicator,USREC
2024-11-01,0.0,recession_indicator,USREC
2024-12-01,0.0,recession_indicator,USREC
2025-01-01,0.0,recession_indicator,USREC
2025-02-01,0.0,recession_indicator,USREC
2025-03-01,0.0,recession_indicator,USREC
2025-04-01,0.0,recession_indicator,USREC
2025-05-01,0.0,recession_indicator,USREC
2025-06-01,0.0,recession_indicator,USREC
2025-07-01,0.0,recession_indicator,USREC
2025-08-01,0.0,recession_indicator,USREC
2025-09-01,0.0,recession_indicator,USREC
2025-10-01,0.0,recession_indicator,USREC
2025-11-01,0.0,recession_indicator,USREC
2025-12-01,0.0,recession_indicator,USREC
2026-01-01,0.0,recession_indicator,USREC
2026-02-01,0.0,recession_indicator,USREC
2026-03-01,0.0,recession_indicator,USREC
2026-04-01,0.0,recession_indicator,USREC
2026-05-01,0.0,recession_indicator,USREC
